[Licensing::Module] Trying to connect to existing licensing client channel...
Built from '6000.2/staging' branch; Version is '6000.2.9f1 (e0c4e791ab71) revision 14730471'; Using compiler version '194234433'; Build Type 'Release'
[Licensing::IpcConnector] Successfully connected to: "LicenseClient-e1535933" at "2025-11-26T14:54:58.9654164Z"
OS: 'Windows 11  (10.0.26100) 64bit Education' Language: 'fr' Physical Memory: 32481 MB
BatchMode: 1, IsHumanControllingUs: 0, StartBugReporterOnCrash: 0, Is64bit: 1
Date: 2025-11-26T14:54:58Z

COMMAND LINE ARGUMENTS:
C:\Program Files\Unity\Hub\Editor\6000.2.9f1\Editor\Unity.exe
-adb2
-batchMode
-noUpm
-name
AssetImportWorker4
-projectPath
C:/Users/e1535933/Documents/GitHub/partyGame
-logFile
Logs/AssetImportWorker4.log
-srvPort
64917
-licensingIpc
LicenseClient-e1535933
-job-worker-count
9
-background-job-worker-count
8
-gc-helper-count
1
-name
AssetImport
Successfully changed project path to: C:/Users/e1535933/Documents/GitHub/partyGame
C:/Users/e1535933/Documents/GitHub/partyGame
[UnityMemory] Configuration Parameters - Can be set up in boot.config
    "memorysetup-allocator-temp-initial-block-size-main=262144"
    "memorysetup-allocator-temp-initial-block-size-worker=262144"
    "memorysetup-bucket-allocator-granularity=16"
    "memorysetup-bucket-allocator-bucket-count=8"
    "memorysetup-bucket-allocator-block-size=33554432"
    "memorysetup-bucket-allocator-block-count=8"
    "memorysetup-main-allocator-block-size=16777216"
    "memorysetup-thread-allocator-block-size=16777216"
    "memorysetup-gfx-main-allocator-block-size=16777216"
    "memorysetup-gfx-thread-allocator-block-size=16777216"
    "memorysetup-cache-allocator-block-size=4194304"
    "memorysetup-typetree-allocator-block-size=2097152"
    "memorysetup-profiler-bucket-allocator-granularity=16"
    "memorysetup-profiler-bucket-allocator-bucket-count=8"
    "memorysetup-profiler-bucket-allocator-block-size=33554432"
    "memorysetup-profiler-bucket-allocator-block-count=8"
    "memorysetup-profiler-allocator-block-size=16777216"
    "memorysetup-profiler-editor-allocator-block-size=1048576"
    "memorysetup-temp-allocator-size-main=16777216"
    "memorysetup-job-temp-allocator-block-size=2097152"
    "memorysetup-job-temp-allocator-block-size-background=1048576"
    "memorysetup-job-temp-allocator-reduction-small-platforms=262144"
    "memorysetup-temp-allocator-size-background-worker=32768"
    "memorysetup-temp-allocator-size-job-worker=262144"
    "memorysetup-temp-allocator-size-preload-manager=33554432"
    "memorysetup-temp-allocator-size-nav-mesh-worker=65536"
    "memorysetup-temp-allocator-size-audio-worker=65536"
    "memorysetup-temp-allocator-size-cloud-worker=32768"
    "memorysetup-temp-allocator-size-gi-baking-worker=262144"
    "memorysetup-temp-allocator-size-gi-baking-worker=262144"
    "memorysetup-temp-allocator-size-gi-baking-worker=262144"
    "memorysetup-temp-allocator-size-gi-baking-worker=262144"
    "memorysetup-temp-allocator-size-gi-baking-worker=262144"
    "memorysetup-temp-allocator-size-gfx=262144"
Player connection [2308]  Target information:

Player connection [2308]  * "[IP] 10.40.73.21 [Port] 0 [Flags] 2 [Guid] 1535906443 [EditorId] 1535906443 [Version] 1048832 [Id] WindowsEditor(7,F3011-15) [Debug] 1 [PackageName] WindowsEditor [ProjectName] Editor" 

Player connection [2308] Host joined multi-casting on [225.0.0.222:54997]...
Player connection [2308] Host joined alternative multi-casting on [225.0.0.222:34997]...
JobSystem: Creating JobQueue using job-worker-count value 9
Input System module state changed to: Initialized.
[Physics::Module] Initialized fallback backend.
[Physics::Module] Id: 0xdecafbad
[Licensing::Client] Code 10 while verifying Licensing Client signature (process Id: 9468, path: "C:/Program Files/Unity Hub/UnityLicensingClient_V1/Unity.Licensing.Client.exe")
[Licensing::Module] LicensingClient has failed validation; ignoring
[Licensing::Client] Handshaking with LicensingClient:
  Version:                 1.17.3+a4e98f1
  Session Id:              fa7ffd234e9a44f181566178ec45e92a
  Correlation Id:          ad418fbf33d7944834cd2fa517e0d659
  External correlation Id: 2483173213748816054
  Machine Id:              VcK8mkwz3Hx28NeX308E9SbmYqw=
[Licensing::Module] Successfully connected to LicensingClient on channel: "LicenseClient-e1535933" (connect: 0.00s, validation: 0.00s, handshake: 0.04s)
[Licensing::IpcConnector] Successfully connected to: "LicenseClient-e1535933-notifications" at "2025-11-26T14:54:59.0018969Z"
[Licensing::Module] Licensing Background thread has ended after 0.04s
Library Redirect Path: Library/
[Physics::Module] Selected backend.
[Physics::Module] Name: PhysX
[Physics::Module] Id: 0xf2b8ea05
[Physics::Module] SDK Version: 4.1.2
[Physics::Module] Integration Version: 1.0.0
[Physics::Module] Threading Mode: Multi-Threaded
Refreshing native plugins compatible for Editor in 17.87 ms, found 10 plugins.
Preloading 0 native plugins for Editor in 0.00 ms.
Initialize engine version: 6000.2.9f1 (e0c4e791ab71)
[Subsystems] Discovering subsystems at path C:/Program Files/Unity/Hub/Editor/6000.2.9f1/Editor/Data/Resources/UnitySubsystems
[Subsystems] Discovering subsystems at path C:/Users/e1535933/Documents/GitHub/partyGame/Assets
GfxDevice: creating device client; kGfxThreadingModeNonThreaded
Direct3D:
    Version:  Direct3D 11.0 [level 11.1]
    Renderer: NVIDIA GeForce RTX 3070 (ID=0x2488)
    Vendor:   NVIDIA
    VRAM:     8018 MB
    Driver:   32.0.15.8108
Initialize mono
Mono path[0] = 'C:/Program Files/Unity/Hub/Editor/6000.2.9f1/Editor/Data/Managed'
Mono path[1] = 'C:/Program Files/Unity/Hub/Editor/6000.2.9f1/Editor/Data/MonoBleedingEdge/lib/mono/unityjit-win32'
Mono config path = 'C:/Program Files/Unity/Hub/Editor/6000.2.9f1/Editor/Data/MonoBleedingEdge/etc'
Using monoOptions --debugger-agent=transport=dt_socket,embedding=1,server=y,suspend=n,address=127.0.0.1:56624
Begin MonoManager ReloadAssembly
Registering precompiled unity dll's ...
Register platform support module: C:/Program Files/Unity/Hub/Editor/6000.2.9f1/Editor/Data/PlaybackEngines/WindowsStandaloneSupport/UnityEditor.WindowsStandalone.Extensions.dll
[Licensing::Client] Successfully resolved entitlement details
[Licensing::Module] License group:
  Id: E4-CW96-T36H-CVPV-MP6Y-XXXX
  Product: Unity Education
  Type: ULF
  Expiration: 2026-08-21T13:50:40Z
Register platform support module: C:/Program Files/Unity/Hub/Editor/6000.2.9f1/Editor/Data/PlaybackEngines/AndroidPlayer/UnityEditor.Android.Extensions.dll
Registered in 0.004072 seconds.
- Loaded All Assemblies, in  0.418 seconds
Native extension for Android target not found
Android Extension - Scanning For ADB Devices 243 ms
Native extension for WindowsStandalone target not found
Mono: successfully reloaded assembly
- Finished resetting the current domain, in  0.632 seconds
Domain Reload Profiling: 1046ms
	BeginReloadAssembly (128ms)
		ExecutionOrderSort (0ms)
		DisableScriptedObjects (0ms)
		BackupInstance (0ms)
		ReleaseScriptingObjects (0ms)
		CreateAndSetChildDomain (1ms)
	RebuildCommonClasses (38ms)
	RebuildNativeTypeToScriptingClass (13ms)
	initialDomainReloadingComplete (58ms)
	LoadAllAssembliesAndSetupDomain (178ms)
		LoadAssemblies (125ms)
		RebuildTransferFunctionScriptingTraits (0ms)
		AnalyzeDomain (175ms)
			TypeCache.Refresh (173ms)
				TypeCache.ScanAssembly (156ms)
			BuildScriptInfoCaches (0ms)
			ResolveRequiredComponents (0ms)
	FinalizeReload (632ms)
		ReleaseScriptCaches (0ms)
		RebuildScriptCaches (0ms)
		SetupLoadedEditorAssemblies (593ms)
			LogAssemblyErrors (0ms)
			InitializePlatformSupportModulesInManaged (347ms)
			SetLoadedEditorAssemblies (4ms)
			BeforeProcessingInitializeOnLoad (70ms)
			ProcessInitializeOnLoadAttributes (116ms)
			ProcessInitializeOnLoadMethodAttributes (55ms)
			AfterProcessingInitializeOnLoad (0ms)
			EditorAssembliesLoaded (0ms)
		ExecutionOrderSort2 (0ms)
		AwakeInstancesAfterBackupRestoration (0ms)
========================================================================
Worker process is ready to serve import requests
Import Worker Mode flag is 0x00
Begin MonoManager ReloadAssembly
[Licensing::Client] Successfully resolved entitlement details
Symbol file LoadedFromMemory is not a mono symbol file
- Loaded All Assemblies, in  0.992 seconds
Refreshing native plugins compatible for Editor in 15.88 ms, found 10 plugins.
Native extension for Android target not found
Native extension for WindowsStandalone target not found
Package Manager log level set to [2]
[Package Manager] Failed to launch server process. Reason: Unity was launched with the -noUpm command-line argument
[Package Manager] Unable to send message (not connected to server process).
[Package Manager] Cannot connect to Unity Package Manager local server
[Package Manager] Failed to launch server process. Reason: Unity was launched with the -noUpm command-line argument
[Package Manager] Unable to send message (not connected to server process).
[Package Manager] Cannot connect to Unity Package Manager local server
Failed to get package versions: Cannot connect to Unity Package Manager local server
UnityEngine.Debug:ExtractStackTraceNoAlloc (byte*,int,string)
UnityEngine.StackTraceUtility:ExtractStackTrace ()
UnityEngine.DebugLogHandler:Internal_Log (UnityEngine.LogType,UnityEngine.LogOption,string,UnityEngine.Object)
UnityEngine.DebugLogHandler:LogFormat (UnityEngine.LogType,UnityEngine.Object,string,object[])
UnityEngine.Logger:Log (UnityEngine.LogType,object)
UnityEngine.Debug:LogWarning (object)
Unity.XR.CoreUtils.Editor.PackageVersionUtility:UpdatePackageVersions () (at ./Library/PackageCache/com.unity.xr.core-utils@f0450cbac8d6/Editor/ProjectValidation/PackageVersionUtility.cs:59)
Unity.XR.CoreUtils.Editor.PackageVersionUtility:GetPackageVersion (string) (at ./Library/PackageCache/com.unity.xr.core-utils@f0450cbac8d6/Editor/ProjectValidation/PackageVersionUtility.cs:77)
UnityEditor.XR.Interaction.Toolkit.Samples.Hands.Editor.HandsSampleProjectValidation:.cctor () (at Assets/Samples/XR Interaction Toolkit/3.0.8/Hands Interaction Demo/Editor/Scripts/HandsSampleProjectValidation.cs:34)
System.Reflection.RuntimeMethodInfo:Invoke (object,System.Reflection.BindingFlags,System.Reflection.Binder,object[],System.Globalization.CultureInfo)
System.Reflection.MethodBase:Invoke (object,object[])
UnityEditor.EditorAssemblies:ProcessInitializeOnLoadMethodAttributes ()

(Filename: ./Library/PackageCache/com.unity.xr.core-utils@f0450cbac8d6/Editor/ProjectValidation/PackageVersionUtility.cs Line: 59)

Mono: successfully reloaded assembly
[Package Manager] Failed to launch server process. Reason: Unity was launched with the -noUpm command-line argument
[Package Manager] Unable to send message (not connected to server process).
[Package Manager] Cannot connect to Unity Package Manager local server
[Package Manager] Failed to launch server process. Reason: Unity was launched with the -noUpm command-line argument
[Package Manager] Unable to send message (not connected to server process).
[Package Manager] Cannot connect to Unity Package Manager local server
- Finished resetting the current domain, in  1.116 seconds
Domain Reload Profiling: 2099ms
	BeginReloadAssembly (193ms)
		ExecutionOrderSort (0ms)
		DisableScriptedObjects (7ms)
		BackupInstance (0ms)
		ReleaseScriptingObjects (0ms)
		CreateAndSetChildDomain (33ms)
	RebuildCommonClasses (38ms)
	RebuildNativeTypeToScriptingClass (15ms)
	initialDomainReloadingComplete (40ms)
	LoadAllAssembliesAndSetupDomain (697ms)
		LoadAssemblies (442ms)
		RebuildTransferFunctionScriptingTraits (0ms)
		AnalyzeDomain (360ms)
			TypeCache.Refresh (261ms)
				TypeCache.ScanAssembly (230ms)
			BuildScriptInfoCaches (82ms)
			ResolveRequiredComponents (14ms)
	FinalizeReload (1116ms)
		ReleaseScriptCaches (0ms)
		RebuildScriptCaches (0ms)
		SetupLoadedEditorAssemblies (887ms)
			LogAssemblyErrors (0ms)
			InitializePlatformSupportModulesInManaged (9ms)
			SetLoadedEditorAssemblies (4ms)
			BeforeProcessingInitializeOnLoad (168ms)
			ProcessInitializeOnLoadAttributes (421ms)
			ProcessInitializeOnLoadMethodAttributes (279ms)
			AfterProcessingInitializeOnLoad (5ms)
			EditorAssembliesLoaded (0ms)
		ExecutionOrderSort2 (0ms)
		AwakeInstancesAfterBackupRestoration (5ms)
Launched and connected shader compiler UnityShaderCompiler.exe after 0.02 seconds
Refreshing native plugins compatible for Editor in 49.04 ms, found 10 plugins.
Preloading 0 native plugins for Editor in 0.00 ms.
Unloading 14 Unused Serialized files (Serialized files now loaded: 0)
Unloading 8358 unused Assets / (5.2 MB). Loaded Objects now: 9055.
Memory consumption went from 161.3 MB to 156.1 MB.
Total: 29.081700 ms (FindLiveObjects: 1.962300 ms CreateObjectMapping: 2.952800 ms MarkObjects: 18.665000 ms  DeleteObjects: 5.499500 ms)

========================================================================
Received Import Request.
  Time since last request: 220.892246 seconds.
  path: Assets/Decor/Planets of the Solar System 3D/Materials/URP_Sun_Smoke.mat
  artifactKey: Guid(6a153e0b17949482b8dc5f75d33fce33) Importer(2089858483,192608db42251d675da83286b1cce702)
Start importing Assets/Decor/Planets of the Solar System 3D/Materials/URP_Sun_Smoke.mat using Guid(6a153e0b17949482b8dc5f75d33fce33) Importer(2089858483,192608db42251d675da83286b1cce702) (ScriptedImporter) -> (artifact id: '4841950e16bfb8c3177161beaf243ddb') in 0.3835667 seconds
Number of updated asset objects reloaded before import = 0Number of asset objects unloaded after import = 3

========================================================================
Received Import Request.
  Time since last request: 0.000021 seconds.
  path: Assets/Material/Materials/aiStandardSurface1exterieurose.mat
  artifactKey: Guid(6a60a4237d704a04c892100a5dc362cf) Importer(2089858483,192608db42251d675da83286b1cce702)
Start importing Assets/Material/Materials/aiStandardSurface1exterieurose.mat using Guid(6a60a4237d704a04c892100a5dc362cf) Importer(2089858483,192608db42251d675da83286b1cce702) (ScriptedImporter) -> (artifact id: 'a2863304b1d7d308a555fbb6f4c95ac3') in 0.0281545 seconds
Number of updated asset objects reloaded before import = 0Number of asset objects unloaded after import = 1

========================================================================
Received Import Request.
  Time since last request: 0.000025 seconds.
  path: Assets/Decor/Planets of the Solar System 3D/Materials/URP_Mercury_Lod.mat
  artifactKey: Guid(d7a335629d5364542a8c4be1e8082b5c) Importer(2089858483,192608db42251d675da83286b1cce702)
Start importing Assets/Decor/Planets of the Solar System 3D/Materials/URP_Mercury_Lod.mat using Guid(d7a335629d5364542a8c4be1e8082b5c) Importer(2089858483,192608db42251d675da83286b1cce702) (ScriptedImporter) -> (artifact id: '15032deb81f18c76e9c4f5e471ea2a88') in 0.0445829 seconds
Number of updated asset objects reloaded before import = 0Number of asset objects unloaded after import = 6

========================================================================
Received Import Request.
  Time since last request: 0.000013 seconds.
  path: Assets/Decor/Planets of the Solar System 3D/Prefabs/Neptune.prefab
  artifactKey: Guid(5d1442ad8c11442988e0eca5d8af73f0) Importer(2089858483,192608db42251d675da83286b1cce702)
Start importing Assets/Decor/Planets of the Solar System 3D/Prefabs/Neptune.prefab using Guid(5d1442ad8c11442988e0eca5d8af73f0) Importer(2089858483,192608db42251d675da83286b1cce702) (ScriptedImporter) -> (artifact id: '9e8e7e5344dd633e5edff478b1531b72') in 0.0706559 seconds
Number of updated asset objects reloaded before import = 0Number of asset objects unloaded after import = 20

========================================================================
Received Import Request.
  Time since last request: 0.000017 seconds.
  path: Assets/Decor/alien nature/textures/atlass_1_diffuse.png
  artifactKey: Guid(132f672ebc29477449ffa498bed9f01d) Importer(2089858483,192608db42251d675da83286b1cce702)
Start importing Assets/Decor/alien nature/textures/atlass_1_diffuse.png using Guid(132f672ebc29477449ffa498bed9f01d) Importer(2089858483,192608db42251d675da83286b1cce702) (ScriptedImporter) -> (artifact id: '62c95da6f164ec17cd97bf4e1de70399') in 0.0572656 seconds
Number of updated asset objects reloaded before import = 0Number of asset objects unloaded after import = 1

========================================================================
Received Import Request.
  Time since last request: 0.000019 seconds.
  path: Assets/TextMesh Pro/Shaders/TMP_Sprite.shader
  artifactKey: Guid(cf81c85f95fe47e1a27f6ae460cf182c) Importer(2089858483,192608db42251d675da83286b1cce702)
Start importing Assets/TextMesh Pro/Shaders/TMP_Sprite.shader using Guid(cf81c85f95fe47e1a27f6ae460cf182c) Importer(2089858483,192608db42251d675da83286b1cce702) (ScriptedImporter) -> (artifact id: 'ba725ef629c8ebe191d57a7d65ce1704') in 0.0187854 seconds
Number of updated asset objects reloaded before import = 0Number of asset objects unloaded after import = 1

========================================================================
Received Import Request.
  Time since last request: 0.000026 seconds.
  path: Assets/Decor/Planets of the Solar System 3D/Materials/URP_Uranus_2k.mat
  artifactKey: Guid(7d7d4e53bd1724858a2c2e5923290ccc) Importer(2089858483,192608db42251d675da83286b1cce702)
Start importing Assets/Decor/Planets of the Solar System 3D/Materials/URP_Uranus_2k.mat using Guid(7d7d4e53bd1724858a2c2e5923290ccc) Importer(2089858483,192608db42251d675da83286b1cce702) (ScriptedImporter) -> (artifact id: '49f1221a169bc36c00d348213187f45d') in 0.0496376 seconds
Number of updated asset objects reloaded before import = 0Number of asset objects unloaded after import = 6

========================================================================
Received Import Request.
  Time since last request: 0.000015 seconds.
  path: Assets/TutorialInfo/Icons/URP.png
  artifactKey: Guid(727a75301c3d24613a3ebcec4a24c2c8) Importer(2089858483,192608db42251d675da83286b1cce702)
Start importing Assets/TutorialInfo/Icons/URP.png using Guid(727a75301c3d24613a3ebcec4a24c2c8) Importer(2089858483,192608db42251d675da83286b1cce702) (ScriptedImporter) -> (artifact id: '2900979d45f4c3d531138506cedd531d') in 0.0281511 seconds
Number of updated asset objects reloaded before import = 0Number of asset objects unloaded after import = 1

========================================================================
Received Import Request.
  Time since last request: 0.000015 seconds.
  path: Assets/Decor/Planets of the Solar System 3D/Materials/URP_Pluto_Lod.mat
  artifactKey: Guid(811507dbca1de47c08d812bfcf368fd5) Importer(2089858483,192608db42251d675da83286b1cce702)
Start importing Assets/Decor/Planets of the Solar System 3D/Materials/URP_Pluto_Lod.mat using Guid(811507dbca1de47c08d812bfcf368fd5) Importer(2089858483,192608db42251d675da83286b1cce702) (ScriptedImporter) -> (artifact id: '276fce1a1a9b9ea0a0ce656af00a2f3e') in 0.0438341 seconds
Number of updated asset objects reloaded before import = 0Number of asset objects unloaded after import = 6

========================================================================
Received Import Request.
  Time since last request: 0.000026 seconds.
  path: Assets/Decor/Planets of the Solar System 3D/Materials/Sun FX.mat
  artifactKey: Guid(82479439eac344631aaef1977dcaf8eb) Importer(2089858483,192608db42251d675da83286b1cce702)
Start importing Assets/Decor/Planets of the Solar System 3D/Materials/Sun FX.mat using Guid(82479439eac344631aaef1977dcaf8eb) Importer(2089858483,192608db42251d675da83286b1cce702) (ScriptedImporter) -> (artifact id: '3b6867be7b4f4acf470900cfe94183c9') in 0.019317 seconds
Number of updated asset objects reloaded before import = 0Number of asset objects unloaded after import = 2

========================================================================
Received Import Request.
  Time since last request: 0.000024 seconds.
  path: Assets/Decor/Planets of the Solar System 3D/Materials/URP_Neptune_Lod.mat
  artifactKey: Guid(b5bad6a4e27f8409898cc9791fcc860a) Importer(2089858483,192608db42251d675da83286b1cce702)
Start importing Assets/Decor/Planets of the Solar System 3D/Materials/URP_Neptune_Lod.mat using Guid(b5bad6a4e27f8409898cc9791fcc860a) Importer(2089858483,192608db42251d675da83286b1cce702) (ScriptedImporter) -> (artifact id: '7288354a37a4689754a0c665416e99ba') in 0.0446425 seconds
Number of updated asset objects reloaded before import = 0Number of asset objects unloaded after import = 6

========================================================================
Received Import Request.
  Time since last request: 0.000014 seconds.
  path: Assets/Decor/Planets of the Solar System 3D/Materials/URP_Earth_Lod.mat
  artifactKey: Guid(57efe82f80f0e41ceba1f93b5c0054e4) Importer(2089858483,192608db42251d675da83286b1cce702)
Start importing Assets/Decor/Planets of the Solar System 3D/Materials/URP_Earth_Lod.mat using Guid(57efe82f80f0e41ceba1f93b5c0054e4) Importer(2089858483,192608db42251d675da83286b1cce702) (ScriptedImporter) -> (artifact id: 'bd45fe9dfcf3da58541f6d9f472f0238') in 0.0278445 seconds
Number of updated asset objects reloaded before import = 0Number of asset objects unloaded after import = 6

========================================================================
Received Import Request.
  Time since last request: 0.000019 seconds.
  path: Assets/Decor/Planets of the Solar System 3D/Materials/URP_Moon_Lod.mat
  artifactKey: Guid(948fe8f7d46f84bfaa54cc429a563b9d) Importer(2089858483,192608db42251d675da83286b1cce702)
Start importing Assets/Decor/Planets of the Solar System 3D/Materials/URP_Moon_Lod.mat using Guid(948fe8f7d46f84bfaa54cc429a563b9d) Importer(2089858483,192608db42251d675da83286b1cce702) (ScriptedImporter) -> (artifact id: '56a731d1fda5318375aff1507f1fe555') in 0.0362537 seconds
Number of updated asset objects reloaded before import = 0Number of asset objects unloaded after import = 6

========================================================================
Received Import Request.
  Time since last request: 0.000017 seconds.
  path: Assets/Decor/Planets of the Solar System 3D/Prefabs/Sun Sphere.prefab
  artifactKey: Guid(ec1861462fc1b46f1a1c1c3c0f1f7f15) Importer(2089858483,192608db42251d675da83286b1cce702)
Start importing Assets/Decor/Planets of the Solar System 3D/Prefabs/Sun Sphere.prefab using Guid(ec1861462fc1b46f1a1c1c3c0f1f7f15) Importer(2089858483,192608db42251d675da83286b1cce702) (ScriptedImporter) -> (artifact id: '7492e8ba696ca01c18fc27aa83d57858') in 0.0572338 seconds
Number of updated asset objects reloaded before import = 0Number of asset objects unloaded after import = 16

========================================================================
Received Import Request.
  Time since last request: 0.000031 seconds.
  path: Assets/Decor/underwater/Meshes/VaseShort.fbx
  artifactKey: Guid(51f74251868dc2541ac735443ba1ce5a) Importer(2089858483,192608db42251d675da83286b1cce702)
Start importing Assets/Decor/underwater/Meshes/VaseShort.fbx using Guid(51f74251868dc2541ac735443ba1ce5a) Importer(2089858483,192608db42251d675da83286b1cce702) (ScriptedImporter) -> (artifact id: 'a5b1be79f04302cad135e58269b80c17') in 0.0528826 seconds
Number of updated asset objects reloaded before import = 0Number of asset objects unloaded after import = 8

========================================================================
Received Import Request.
  Time since last request: 0.000015 seconds.
  path: Assets/Decor/underwater/Unity/BoneCoral_MaskMap.png
  artifactKey: Guid(4fc2f9fd6f738ea448e3d1ff59cb1cf5) Importer(2089858483,192608db42251d675da83286b1cce702)
Start importing Assets/Decor/underwater/Unity/BoneCoral_MaskMap.png using Guid(4fc2f9fd6f738ea448e3d1ff59cb1cf5) Importer(2089858483,192608db42251d675da83286b1cce702) (ScriptedImporter) -> (artifact id: '204c2a71c38c51ba796e69f1176adbd6') in 0.0355717 seconds
Number of updated asset objects reloaded before import = 0Number of asset objects unloaded after import = 1

========================================================================
Received Import Request.
  Time since last request: 0.000010 seconds.
  path: Assets/Decor/underwater/Unity/VaseMED_Normal.png
  artifactKey: Guid(93c6fa09521d0b2479228b9e5caaced6) Importer(2089858483,192608db42251d675da83286b1cce702)
Start importing Assets/Decor/underwater/Unity/VaseMED_Normal.png using Guid(93c6fa09521d0b2479228b9e5caaced6) Importer(2089858483,192608db42251d675da83286b1cce702) (ScriptedImporter) -> (artifact id: '174dd30f37961b131ceff05bf72f0cda') in 0.0399388 seconds
Number of updated asset objects reloaded before import = 0Number of asset objects unloaded after import = 1

========================================================================
Received Import Request.
  Time since last request: 0.000013 seconds.
  path: Assets/Decor/underwater/Unity/Leafplants_BaseColor.png
  artifactKey: Guid(b29eb87314a31a44d8f53b11f180cce1) Importer(2089858483,192608db42251d675da83286b1cce702)
Start importing Assets/Decor/underwater/Unity/Leafplants_BaseColor.png using Guid(b29eb87314a31a44d8f53b11f180cce1) Importer(2089858483,192608db42251d675da83286b1cce702) (ScriptedImporter) -> (artifact id: '16b09077519d6d24cf3875c934774c03') in 0.0317611 seconds
Number of updated asset objects reloaded before import = 0Number of asset objects unloaded after import = 1

========================================================================
Received Import Request.
  Time since last request: 0.000023 seconds.
  path: Assets/Decor/underwater/Meshes/LeafPlant.fbx
  artifactKey: Guid(67dcf694eeb40b246b63c03710ca98d0) Importer(2089858483,192608db42251d675da83286b1cce702)
Start importing Assets/Decor/underwater/Meshes/LeafPlant.fbx using Guid(67dcf694eeb40b246b63c03710ca98d0) Importer(2089858483,192608db42251d675da83286b1cce702) (ScriptedImporter) -> (artifact id: '12d39c4c26602876da5ad83420ad6eb6') in 0.0371442 seconds
Number of updated asset objects reloaded before import = 0Number of asset objects unloaded after import = 8

========================================================================
Received Import Request.
  Time since last request: 0.000014 seconds.
  path: Assets/Decor/underwater/Meshes/BranchCoralWide.fbx
  artifactKey: Guid(ea07b35a3484aa5458a7e92a6d790f30) Importer(2089858483,192608db42251d675da83286b1cce702)
Start importing Assets/Decor/underwater/Meshes/BranchCoralWide.fbx using Guid(ea07b35a3484aa5458a7e92a6d790f30) Importer(2089858483,192608db42251d675da83286b1cce702) (ScriptedImporter) -> (artifact id: '8609c5cc6e446aa194ba87ca2b12c97d') in 0.0245244 seconds
Number of updated asset objects reloaded before import = 0Number of asset objects unloaded after import = 8

========================================================================
Received Import Request.
  Time since last request: 0.000015 seconds.
  path: Assets/Decor/underwater/Unity/FeatherBush_BaseMap.png
  artifactKey: Guid(953b45c99dd601849a76ade3abd543b6) Importer(2089858483,192608db42251d675da83286b1cce702)
Start importing Assets/Decor/underwater/Unity/FeatherBush_BaseMap.png using Guid(953b45c99dd601849a76ade3abd543b6) Importer(2089858483,192608db42251d675da83286b1cce702) (ScriptedImporter) -> (artifact id: '70824b1e2e4964e50ad6ebeab3d8118e') in 0.0373604 seconds
Number of updated asset objects reloaded before import = 0Number of asset objects unloaded after import = 1

========================================================================
Received Import Request.
  Time since last request: 0.000015 seconds.
  path: Assets/Decor/underwater/Unity/BranchCoralsThin_MaskMap.png
  artifactKey: Guid(d00cae777ef0f3b44a1b24a4ed00a836) Importer(2089858483,192608db42251d675da83286b1cce702)
Start importing Assets/Decor/underwater/Unity/BranchCoralsThin_MaskMap.png using Guid(d00cae777ef0f3b44a1b24a4ed00a836) Importer(2089858483,192608db42251d675da83286b1cce702) (ScriptedImporter) -> (artifact id: '55b2a46d4bc790a4740a23250cff52c2') in 0.0338662 seconds
Number of updated asset objects reloaded before import = 0Number of asset objects unloaded after import = 1

========================================================================
Received Import Request.
  Time since last request: 0.000023 seconds.
  path: Assets/Decor/Planets of the Solar System 3D/Materials/URP_Mercury_2k.mat
  artifactKey: Guid(ab6161919f1cb4e40a36aa58f68a2c92) Importer(2089858483,192608db42251d675da83286b1cce702)
Start importing Assets/Decor/Planets of the Solar System 3D/Materials/URP_Mercury_2k.mat using Guid(ab6161919f1cb4e40a36aa58f68a2c92) Importer(2089858483,192608db42251d675da83286b1cce702) (ScriptedImporter) -> (artifact id: 'f98cab9d6a2e4f66a3b3449896f729a3') in 0.0389091 seconds
Number of updated asset objects reloaded before import = 0Number of asset objects unloaded after import = 6

========================================================================
Received Import Request.
  Time since last request: 0.000021 seconds.
  path: Assets/XR/Loaders/OpenXRLoader.asset
  artifactKey: Guid(4fc33b263ead48342a3138017f3af2d0) Importer(2089858483,192608db42251d675da83286b1cce702)
Start importing Assets/XR/Loaders/OpenXRLoader.asset using Guid(4fc33b263ead48342a3138017f3af2d0) Importer(2089858483,192608db42251d675da83286b1cce702) (ScriptedImporter) -> (artifact id: '3ba4d525d4e92225e81ffd3f08237851') in 0.0174579 seconds
Number of updated asset objects reloaded before import = 0Number of asset objects unloaded after import = 1

========================================================================
Received Import Request.
  Time since last request: 0.000012 seconds.
  path: Assets/Decor/underwater/Unreal/AcroporaGreen_BaseColor.png
  artifactKey: Guid(e98882c7f41e7f74e8898b9fe7bbd1e3) Importer(2089858483,192608db42251d675da83286b1cce702)
Start importing Assets/Decor/underwater/Unreal/AcroporaGreen_BaseColor.png using Guid(e98882c7f41e7f74e8898b9fe7bbd1e3) Importer(2089858483,192608db42251d675da83286b1cce702) (ScriptedImporter) -> (artifact id: '05b3f6dfbe7ce1a1ae03f7afaf3366fc') in 0.030503 seconds
Number of updated asset objects reloaded before import = 0Number of asset objects unloaded after import = 1

========================================================================
Received Import Request.
  Time since last request: 0.000015 seconds.
  path: Assets/Decor/underwater/Unreal/VaseTall_Normal.png
  artifactKey: Guid(2b6a607b87ab0344d9fbf71410381154) Importer(2089858483,192608db42251d675da83286b1cce702)
Start importing Assets/Decor/underwater/Unreal/VaseTall_Normal.png using Guid(2b6a607b87ab0344d9fbf71410381154) Importer(2089858483,192608db42251d675da83286b1cce702) (ScriptedImporter) -> (artifact id: '3b11320afcd25c888602423a585dae17') in 0.0339658 seconds
Number of updated asset objects reloaded before import = 0Number of asset objects unloaded after import = 1

========================================================================
Received Import Request.
  Time since last request: 0.000022 seconds.
  path: Assets/Decor/underwater/Unreal/BoneCoral_OcclusionRoughnessMetallic.png
  artifactKey: Guid(e1b22c0932f20504ea217eb0878eb470) Importer(2089858483,192608db42251d675da83286b1cce702)
Start importing Assets/Decor/underwater/Unreal/BoneCoral_OcclusionRoughnessMetallic.png using Guid(e1b22c0932f20504ea217eb0878eb470) Importer(2089858483,192608db42251d675da83286b1cce702) (ScriptedImporter) -> (artifact id: '78b357addcfce09772c3559f31fe1775') in 0.0294968 seconds
Number of updated asset objects reloaded before import = 0Number of asset objects unloaded after import = 1

========================================================================
Received Import Request.
  Time since last request: 0.000017 seconds.
  path: Assets/Decor/underwater/Unreal/AcroporaOrange_BaseColor.png
  artifactKey: Guid(4ff4573f98f7d32459ef8c4a21c9217a) Importer(2089858483,192608db42251d675da83286b1cce702)
Start importing Assets/Decor/underwater/Unreal/AcroporaOrange_BaseColor.png using Guid(4ff4573f98f7d32459ef8c4a21c9217a) Importer(2089858483,192608db42251d675da83286b1cce702) (ScriptedImporter) -> (artifact id: '31cce0a8d701af603b045d3800abddbd') in 0.0336402 seconds
Number of updated asset objects reloaded before import = 0Number of asset objects unloaded after import = 1

========================================================================
Received Import Request.
  Time since last request: 0.000013 seconds.
  path: Assets/Decor/underwater/Unreal/TubeCorals_BaseColor_ALT2.png
  artifactKey: Guid(f18ae2033db9f074f9c7225068f26d3a) Importer(2089858483,192608db42251d675da83286b1cce702)
Start importing Assets/Decor/underwater/Unreal/TubeCorals_BaseColor_ALT2.png using Guid(f18ae2033db9f074f9c7225068f26d3a) Importer(2089858483,192608db42251d675da83286b1cce702) (ScriptedImporter) -> (artifact id: '67f921fc5804955acd56ab6599d43064') in 0.03397 seconds
Number of updated asset objects reloaded before import = 0Number of asset objects unloaded after import = 1

========================================================================
Received Import Request.
  Time since last request: 0.000017 seconds.
  path: Assets/Decor/underwater/Unreal/Leafplants_BaseColor.png
  artifactKey: Guid(6dceab89b58b791479a980c7b23439b3) Importer(2089858483,192608db42251d675da83286b1cce702)
Start importing Assets/Decor/underwater/Unreal/Leafplants_BaseColor.png using Guid(6dceab89b58b791479a980c7b23439b3) Importer(2089858483,192608db42251d675da83286b1cce702) (ScriptedImporter) -> (artifact id: 'a3ab58f073c288f837c4aad31516c16e') in 0.0251026 seconds
Number of updated asset objects reloaded before import = 0Number of asset objects unloaded after import = 1

========================================================================
Received Import Request.
  Time since last request: 0.000020 seconds.
  path: Assets/Decor/underwater/Unreal/BoneCoral_Normal.png
  artifactKey: Guid(5a3503f9d9d8d284985f76474f244908) Importer(2089858483,192608db42251d675da83286b1cce702)
Start importing Assets/Decor/underwater/Unreal/BoneCoral_Normal.png using Guid(5a3503f9d9d8d284985f76474f244908) Importer(2089858483,192608db42251d675da83286b1cce702) (ScriptedImporter) -> (artifact id: '82be4d1b05d03549d837360128c92f63') in 0.0318551 seconds
Number of updated asset objects reloaded before import = 0Number of asset objects unloaded after import = 1

========================================================================
Received Import Request.
  Time since last request: 0.000012 seconds.
  path: Assets/Decor/underwater/Unreal/TubeCorals_BaseColor.png
  artifactKey: Guid(eccd516683dc7dd48b28ade0fb0653c0) Importer(2089858483,192608db42251d675da83286b1cce702)
Start importing Assets/Decor/underwater/Unreal/TubeCorals_BaseColor.png using Guid(eccd516683dc7dd48b28ade0fb0653c0) Importer(2089858483,192608db42251d675da83286b1cce702) (ScriptedImporter) -> (artifact id: 'fd2a6605209d5ebe58ad61fe9a1c2643') in 0.0341425 seconds
Number of updated asset objects reloaded before import = 0Number of asset objects unloaded after import = 1

========================================================================
Received Import Request.
  Time since last request: 0.000015 seconds.
  path: Assets/Decor/underwater/Unreal/FeatherBush_Normal.png
  artifactKey: Guid(7af431b336d95fc4788385f28bd7733b) Importer(2089858483,192608db42251d675da83286b1cce702)
Start importing Assets/Decor/underwater/Unreal/FeatherBush_Normal.png using Guid(7af431b336d95fc4788385f28bd7733b) Importer(2089858483,192608db42251d675da83286b1cce702) (ScriptedImporter) -> (artifact id: 'bab19476e86c3e8153d606258c0f9e07') in 0.0318482 seconds
Number of updated asset objects reloaded before import = 0Number of asset objects unloaded after import = 1

========================================================================
Received Import Request.
  Time since last request: 0.000017 seconds.
  path: Assets/Decor/underwater/Unreal/Flower_BaseColor.png
  artifactKey: Guid(4bc6102658ff3064d83212925fec3500) Importer(2089858483,192608db42251d675da83286b1cce702)
Start importing Assets/Decor/underwater/Unreal/Flower_BaseColor.png using Guid(4bc6102658ff3064d83212925fec3500) Importer(2089858483,192608db42251d675da83286b1cce702) (ScriptedImporter) -> (artifact id: 'd77fc6ac18af6fa6115f951b38c4b976') in 0.0303317 seconds
Number of updated asset objects reloaded before import = 0Number of asset objects unloaded after import = 1

========================================================================
Received Import Request.
  Time since last request: 0.000021 seconds.
  path: Assets/IL3DN/Graphics/Textures/IL3DN_Grass_02.psd
  artifactKey: Guid(2038a37a87e1eff4fa5efd69c9d1312e) Importer(2089858483,192608db42251d675da83286b1cce702)
Start importing Assets/IL3DN/Graphics/Textures/IL3DN_Grass_02.psd using Guid(2038a37a87e1eff4fa5efd69c9d1312e) Importer(2089858483,192608db42251d675da83286b1cce702) (ScriptedImporter) -> (artifact id: '749c55fc3d09a8144f22e33d89f6728c') in 0.0252866 seconds
Number of updated asset objects reloaded before import = 0Number of asset objects unloaded after import = 1

========================================================================
Received Import Request.
  Time since last request: 0.000016 seconds.
  path: Assets/IL3DN/Graphics/Textures/IL3DN_FX_GradientRadial.psd
  artifactKey: Guid(f28423396372f574b88e3b41854652e8) Importer(2089858483,192608db42251d675da83286b1cce702)
Start importing Assets/IL3DN/Graphics/Textures/IL3DN_FX_GradientRadial.psd using Guid(f28423396372f574b88e3b41854652e8) Importer(2089858483,192608db42251d675da83286b1cce702) (ScriptedImporter) -> (artifact id: 'da7f9e0349929087c573d6bd5536d1c7') in 0.026096 seconds
Number of updated asset objects reloaded before import = 0Number of asset objects unloaded after import = 1

========================================================================
Received Import Request.
  Time since last request: 0.000013 seconds.
  path: Assets/IL3DN/Graphics/Materials/IL3DN_Tree_Pine_Bark.mat
  artifactKey: Guid(1d97d3e66d3177240ae59310c2388d2b) Importer(2089858483,192608db42251d675da83286b1cce702)
Start importing Assets/IL3DN/Graphics/Materials/IL3DN_Tree_Pine_Bark.mat using Guid(1d97d3e66d3177240ae59310c2388d2b) Importer(2089858483,192608db42251d675da83286b1cce702) (ScriptedImporter) -> (artifact id: 'a5c77df8b9d722cac0f47a386e92574f') in 0.1069948 seconds
Number of updated asset objects reloaded before import = 0Number of asset objects unloaded after import = 3

========================================================================
Received Import Request.
  Time since last request: 0.000017 seconds.
  path: Assets/IL3DN/Graphics/Meshes/IL3DN_Tree_Pine_01_OneMesh.FBX
  artifactKey: Guid(f11e24393ee20a94b9cbfd10c2f99f4a) Importer(2089858483,192608db42251d675da83286b1cce702)
Start importing Assets/IL3DN/Graphics/Meshes/IL3DN_Tree_Pine_01_OneMesh.FBX using Guid(f11e24393ee20a94b9cbfd10c2f99f4a) Importer(2089858483,192608db42251d675da83286b1cce702) (ScriptedImporter) -> (artifact id: '738fa6fd2a4f7bcb0b183ddb3069a20b') in 0.0350143 seconds
Number of updated asset objects reloaded before import = 0Number of asset objects unloaded after import = 20

========================================================================
Received Import Request.
  Time since last request: 0.000024 seconds.
  path: Assets/IL3DN/Graphics/Prefabs/IL3DN_Tree_Pine_01_OneMesh.prefab
  artifactKey: Guid(de691dfc4f267f7428befc75c109cb1c) Importer(2089858483,192608db42251d675da83286b1cce702)
Start importing Assets/IL3DN/Graphics/Prefabs/IL3DN_Tree_Pine_01_OneMesh.prefab using Guid(de691dfc4f267f7428befc75c109cb1c) Importer(2089858483,192608db42251d675da83286b1cce702) (ScriptedImporter) -> (artifact id: 'af511889de114ec4a8584d857f78fc4f') in 0.0292638 seconds
Number of updated asset objects reloaded before import = 0Number of asset objects unloaded after import = 21

========================================================================
Received Import Request.
  Time since last request: 0.000016 seconds.
  path: Assets/Import/Stylized Environnement - Free Pack/Gfx/foliage_01.fbx
  artifactKey: Guid(a8e0524c3b55c4381acf37786e5173f3) Importer(2089858483,192608db42251d675da83286b1cce702)
Start importing Assets/Import/Stylized Environnement - Free Pack/Gfx/foliage_01.fbx using Guid(a8e0524c3b55c4381acf37786e5173f3) Importer(2089858483,192608db42251d675da83286b1cce702) (ScriptedImporter) -> (artifact id: '9610b1c1aad2e9eba13bf283439052d7') in 0.0269426 seconds
Number of updated asset objects reloaded before import = 0Number of asset objects unloaded after import = 8

========================================================================
Received Import Request.
  Time since last request: 0.000014 seconds.
  path: Assets/Import/Stylized Environnement - Free Pack/Gfx/rock_02.fbx
  artifactKey: Guid(df67164ad72564ecda48ee9e3fa7070f) Importer(2089858483,192608db42251d675da83286b1cce702)
Start importing Assets/Import/Stylized Environnement - Free Pack/Gfx/rock_02.fbx using Guid(df67164ad72564ecda48ee9e3fa7070f) Importer(2089858483,192608db42251d675da83286b1cce702) (ScriptedImporter) -> (artifact id: '1b13c744bc7f419fe059888b6bd126f0') in 0.0268442 seconds
Number of updated asset objects reloaded before import = 0Number of asset objects unloaded after import = 8

========================================================================
Received Import Request.
  Time since last request: 0.000015 seconds.
  path: Assets/IL3DN/Graphics/Prefabs/IL3DN_GodRays.prefab
  artifactKey: Guid(bef6de7beed1e58438ce5878560da236) Importer(2089858483,192608db42251d675da83286b1cce702)
Start importing Assets/IL3DN/Graphics/Prefabs/IL3DN_GodRays.prefab using Guid(bef6de7beed1e58438ce5878560da236) Importer(2089858483,192608db42251d675da83286b1cce702) (ScriptedImporter) -> (artifact id: '71633ab27728ffaa73fe94dd6b8c6f97') in 0.095694 seconds
Number of updated asset objects reloaded before import = 0Number of asset objects unloaded after import = 7

========================================================================
Received Import Request.
  Time since last request: 0.000017 seconds.
  path: Assets/TextMesh Pro/Shaders/TMP_Bitmap-Custom-Atlas.shader
  artifactKey: Guid(48bb5f55d8670e349b6e614913f9d910) Importer(2089858483,192608db42251d675da83286b1cce702)
Start importing Assets/TextMesh Pro/Shaders/TMP_Bitmap-Custom-Atlas.shader using Guid(48bb5f55d8670e349b6e614913f9d910) Importer(2089858483,192608db42251d675da83286b1cce702) (ScriptedImporter) -> (artifact id: '1db7370ffd4714c4a338769b262ee88b') in 0.0120562 seconds
Number of updated asset objects reloaded before import = 0Number of asset objects unloaded after import = 1

========================================================================
Received Import Request.
  Time since last request: 0.000021 seconds.
  path: Assets/Decor/Planets of the Solar System 3D/Materials/URP_Saturn_Ring.mat
  artifactKey: Guid(e35abc06097ca4fcda800d7ee918a9cb) Importer(2089858483,192608db42251d675da83286b1cce702)
Start importing Assets/Decor/Planets of the Solar System 3D/Materials/URP_Saturn_Ring.mat using Guid(e35abc06097ca4fcda800d7ee918a9cb) Importer(2089858483,192608db42251d675da83286b1cce702) (ScriptedImporter) -> (artifact id: '63f485fb44cce524d5fdb52167c65c6a') in 0.0304636 seconds
Number of updated asset objects reloaded before import = 0Number of asset objects unloaded after import = 3

========================================================================
Received Import Request.
  Time since last request: 0.000014 seconds.
  path: Assets/Material/Materials/aiStandardSurface2interieurbleu 1.mat
  artifactKey: Guid(a0f29b9e916e55f40b1846e31e466bf5) Importer(2089858483,192608db42251d675da83286b1cce702)
Start importing Assets/Material/Materials/aiStandardSurface2interieurbleu 1.mat using Guid(a0f29b9e916e55f40b1846e31e466bf5) Importer(2089858483,192608db42251d675da83286b1cce702) (ScriptedImporter) -> (artifact id: 'e6ce083cd39774c1fa3f10cafa2290d0') in 0.0229491 seconds
Number of updated asset objects reloaded before import = 0Number of asset objects unloaded after import = 2

========================================================================
Received Import Request.
  Time since last request: 0.000014 seconds.
  path: Assets/IL3DN/Graphics/Materials/IL3DN_Ground_Grass.mat
  artifactKey: Guid(cef2b4aff14b59b469823ac58c967d48) Importer(2089858483,192608db42251d675da83286b1cce702)
Start importing Assets/IL3DN/Graphics/Materials/IL3DN_Ground_Grass.mat using Guid(cef2b4aff14b59b469823ac58c967d48) Importer(2089858483,192608db42251d675da83286b1cce702) (ScriptedImporter) -> (artifact id: 'ba29cdc0904e570a7b3973534bd7227f') in 0.0128542 seconds
Number of updated asset objects reloaded before import = 0Number of asset objects unloaded after import = 1

========================================================================
Received Import Request.
  Time since last request: 0.000012 seconds.
  path: Assets/Decor/underwater/Unreal/FeatherBush_BaseColorAlpha.tga
  artifactKey: Guid(090d2f5945901c34d99b5788a1e34769) Importer(2089858483,192608db42251d675da83286b1cce702)
Start importing Assets/Decor/underwater/Unreal/FeatherBush_BaseColorAlpha.tga using Guid(090d2f5945901c34d99b5788a1e34769) Importer(2089858483,192608db42251d675da83286b1cce702) (ScriptedImporter) -> (artifact id: '16b9e56b8f2b8bb868ceb418d23637fa') in 0.0295928 seconds
Number of updated asset objects reloaded before import = 0Number of asset objects unloaded after import = 1

========================================================================
Received Import Request.
  Time since last request: 0.000014 seconds.
  path: Assets/Decor/underwater/Meshes/BoneCoral.fbx
  artifactKey: Guid(6261d4156ce5fa44e8c8cf38be1c2755) Importer(2089858483,192608db42251d675da83286b1cce702)
Start importing Assets/Decor/underwater/Meshes/BoneCoral.fbx using Guid(6261d4156ce5fa44e8c8cf38be1c2755) Importer(2089858483,192608db42251d675da83286b1cce702) (ScriptedImporter) -> (artifact id: '312ba348cc9c8eda2d762aa12be04284') in 0.0293803 seconds
Number of updated asset objects reloaded before import = 0Number of asset objects unloaded after import = 8

========================================================================
Received Import Request.
  Time since last request: 0.000018 seconds.
  path: Assets/Decor/underwater/Unity/VaseSHORT_MaskMap.png
  artifactKey: Guid(ccf257f5e54189b40b03368ae8c32cdc) Importer(2089858483,192608db42251d675da83286b1cce702)
Start importing Assets/Decor/underwater/Unity/VaseSHORT_MaskMap.png using Guid(ccf257f5e54189b40b03368ae8c32cdc) Importer(2089858483,192608db42251d675da83286b1cce702) (ScriptedImporter) -> (artifact id: '11e6108967563ea73f2b9f76e6bce66f') in 0.030215 seconds
Number of updated asset objects reloaded before import = 0Number of asset objects unloaded after import = 1

========================================================================
Received Import Request.
  Time since last request: 0.000011 seconds.
  path: Assets/Decor/underwater/Unity/VaseSHORT_Normal.png
  artifactKey: Guid(226464ac8a7ae074991b6cfd124653da) Importer(2089858483,192608db42251d675da83286b1cce702)
Start importing Assets/Decor/underwater/Unity/VaseSHORT_Normal.png using Guid(226464ac8a7ae074991b6cfd124653da) Importer(2089858483,192608db42251d675da83286b1cce702) (ScriptedImporter) -> (artifact id: '4b4add4084c5dce7c0f87a7aab5e4eb3') in 0.0278238 seconds
Number of updated asset objects reloaded before import = 0Number of asset objects unloaded after import = 1

========================================================================
Received Import Request.
  Time since last request: 0.000013 seconds.
  path: Assets/IL3DN/Graphics/Textures/IL3DN_Grass_03.psd
  artifactKey: Guid(3ab525614e685014da4ff51a15e353f9) Importer(2089858483,192608db42251d675da83286b1cce702)
Start importing Assets/IL3DN/Graphics/Textures/IL3DN_Grass_03.psd using Guid(3ab525614e685014da4ff51a15e353f9) Importer(2089858483,192608db42251d675da83286b1cce702) (ScriptedImporter) -> (artifact id: '0834afcf406f17775cb15e31583c979a') in 0.017308 seconds
Number of updated asset objects reloaded before import = 0Number of asset objects unloaded after import = 1

========================================================================
Received Import Request.
  Time since last request: 0.000017 seconds.
  path: Assets/TextMesh Pro/Fonts/LiberationSans.ttf
  artifactKey: Guid(e3265ab4bf004d28a9537516768c1c75) Importer(2089858483,192608db42251d675da83286b1cce702)
Start importing Assets/TextMesh Pro/Fonts/LiberationSans.ttf using Guid(e3265ab4bf004d28a9537516768c1c75) Importer(2089858483,192608db42251d675da83286b1cce702) (ScriptedImporter) -> (artifact id: '7aac01883f082d394937dc1989313109') in 0.0198639 seconds
Number of updated asset objects reloaded before import = 0Number of asset objects unloaded after import = 3

========================================================================
Received Import Request.
  Time since last request: 0.000014 seconds.
  path: Assets/TextMesh Pro/Shaders/TMPro_Surface.cginc
  artifactKey: Guid(d930090c0cd643c7b55f19a38538c162) Importer(2089858483,192608db42251d675da83286b1cce702)
Start importing Assets/TextMesh Pro/Shaders/TMPro_Surface.cginc using Guid(d930090c0cd643c7b55f19a38538c162) Importer(2089858483,192608db42251d675da83286b1cce702) (ScriptedImporter) -> (artifact id: 'c098dcf797c10fe5f7bad05605b69401') in 0.0181184 seconds
Number of updated asset objects reloaded before import = 0Number of asset objects unloaded after import = 1

========================================================================
Received Import Request.
  Time since last request: 0.218722 seconds.
  path: Assets/Import/Stylized Environnement - Free Pack/Prefabs/Particle.prefab
  artifactKey: Guid(aafaafdb6e4ac46208a1dc08df4094b5) Importer(2089858483,192608db42251d675da83286b1cce702)
Start importing Assets/Import/Stylized Environnement - Free Pack/Prefabs/Particle.prefab using Guid(aafaafdb6e4ac46208a1dc08df4094b5) Importer(2089858483,192608db42251d675da83286b1cce702) (ScriptedImporter) -> (artifact id: 'ffba8a98245cb45885270ebde9f2bf59') in 0.0337118 seconds
Number of updated asset objects reloaded before import = 0Number of asset objects unloaded after import = 8

========================================================================
Received Import Request.
  Time since last request: 0.000011 seconds.
  path: Assets/Particules/NoteExcellent/Materials/particuleEtoile.mat
  artifactKey: Guid(2373da8695330764c8c273b5328e1226) Importer(2089858483,192608db42251d675da83286b1cce702)
Start importing Assets/Particules/NoteExcellent/Materials/particuleEtoile.mat using Guid(2373da8695330764c8c273b5328e1226) Importer(2089858483,192608db42251d675da83286b1cce702) (ScriptedImporter) -> (artifact id: '6924ee135f9217f679a3a6cb86b30448') in 0.0250269 seconds
Number of updated asset objects reloaded before import = 0Number of asset objects unloaded after import = 2

========================================================================
Received Import Request.
  Time since last request: 0.000014 seconds.
  path: Assets/Material/Materials/arbre/standardSurfaceMycelium.mat
  artifactKey: Guid(18e1c1af2dc2b2b4ab8b1a2f3dc9f6bd) Importer(2089858483,192608db42251d675da83286b1cce702)
Start importing Assets/Material/Materials/arbre/standardSurfaceMycelium.mat using Guid(18e1c1af2dc2b2b4ab8b1a2f3dc9f6bd) Importer(2089858483,192608db42251d675da83286b1cce702) (ScriptedImporter) -> (artifact id: '415b9e6dbd1da560537908fa80dbd0f8') in 0.0234777 seconds
Number of updated asset objects reloaded before import = 0Number of asset objects unloaded after import = 1

========================================================================
Received Import Request.
  Time since last request: 0.000019 seconds.
  path: Assets/Decor/alien nature/source/Polygonal Alien Cave Nature Asset Package/Textures/atlass_1_diffuse 1.png
  artifactKey: Guid(10c1ef1eee47d36498c5b30b9e969ee2) Importer(2089858483,192608db42251d675da83286b1cce702)
Start importing Assets/Decor/alien nature/source/Polygonal Alien Cave Nature Asset Package/Textures/atlass_1_diffuse 1.png using Guid(10c1ef1eee47d36498c5b30b9e969ee2) Importer(2089858483,192608db42251d675da83286b1cce702) (ScriptedImporter) -> (artifact id: 'fd813d2755b3cb42e4a213e603c727fe') in 0.0298374 seconds
Number of updated asset objects reloaded before import = 0Number of asset objects unloaded after import = 1

========================================================================
Received Import Request.
  Time since last request: 0.000021 seconds.
  path: Assets/TextMesh Pro/Resources/Fonts & Materials/LiberationSans SDF.asset
  artifactKey: Guid(8f586378b4e144a9851e7b34d9b748ee) Importer(2089858483,192608db42251d675da83286b1cce702)
Start importing Assets/TextMesh Pro/Resources/Fonts & Materials/LiberationSans SDF.asset using Guid(8f586378b4e144a9851e7b34d9b748ee) Importer(2089858483,192608db42251d675da83286b1cce702) (ScriptedImporter) -> (artifact id: '12ef9751d487861ee48e13fd11026aa2') in 0.0753385 seconds
Number of updated asset objects reloaded before import = 0Number of asset objects unloaded after import = 10

========================================================================
Received Import Request.
  Time since last request: 0.000019 seconds.
  path: Assets/Material/Materials/lapin/bunny2_scraf.mat
  artifactKey: Guid(284f1265e5919fc4782413deaec3f59a) Importer(2089858483,192608db42251d675da83286b1cce702)
Start importing Assets/Material/Materials/lapin/bunny2_scraf.mat using Guid(284f1265e5919fc4782413deaec3f59a) Importer(2089858483,192608db42251d675da83286b1cce702) (ScriptedImporter) -> (artifact id: '03ae7bae402785dd6bc8a3da5a8b3144') in 0.0261134 seconds
Number of updated asset objects reloaded before import = 0Number of asset objects unloaded after import = 1

========================================================================
Received Import Request.
  Time since last request: 0.000014 seconds.
  path: Assets/Material/Materials/lapin/bunny3_pink.mat
  artifactKey: Guid(28ddc5975b7d7524290ad40d4d004100) Importer(2089858483,192608db42251d675da83286b1cce702)
Start importing Assets/Material/Materials/lapin/bunny3_pink.mat using Guid(28ddc5975b7d7524290ad40d4d004100) Importer(2089858483,192608db42251d675da83286b1cce702) (ScriptedImporter) -> (artifact id: '70762bde4c569f57d2aa5b8879d4fcaf') in 0.0261386 seconds
Number of updated asset objects reloaded before import = 0Number of asset objects unloaded after import = 1

========================================================================
Received Import Request.
  Time since last request: 0.000015 seconds.
  path: Assets/Decor/Planets of the Solar System 3D/Textures/Planets/Mercury_2k.png
  artifactKey: Guid(cce2301743d2141678f7423df467472c) Importer(2089858483,192608db42251d675da83286b1cce702)
Start importing Assets/Decor/Planets of the Solar System 3D/Textures/Planets/Mercury_2k.png using Guid(cce2301743d2141678f7423df467472c) Importer(2089858483,192608db42251d675da83286b1cce702) (ScriptedImporter) -> (artifact id: '44294f37a853001e6436915dcb5a6dd6') in 0.0189898 seconds
Number of updated asset objects reloaded before import = 0Number of asset objects unloaded after import = 1

========================================================================
Received Import Request.
  Time since last request: 0.000021 seconds.
  path: Assets/Material/Materials/lapin/bunny2_nose_eyebrow.mat
  artifactKey: Guid(d43b528d7d9963a42978d7a15e4a2c06) Importer(2089858483,192608db42251d675da83286b1cce702)
Start importing Assets/Material/Materials/lapin/bunny2_nose_eyebrow.mat using Guid(d43b528d7d9963a42978d7a15e4a2c06) Importer(2089858483,192608db42251d675da83286b1cce702) (ScriptedImporter) -> (artifact id: '7422a590aed88a832d2e8b56a4575eb4') in 0.0282158 seconds
Number of updated asset objects reloaded before import = 0Number of asset objects unloaded after import = 1

========================================================================
Received Import Request.
  Time since last request: 0.000011 seconds.
  path: Assets/Samples/XR Interaction Toolkit/3.0.8/Hands Interaction Demo/Editor/HandsInteractionDemo.Editor.asmdef
  artifactKey: Guid(ec10eb674fe33dc418851b064a84acc4) Importer(2089858483,192608db42251d675da83286b1cce702)
Start importing Assets/Samples/XR Interaction Toolkit/3.0.8/Hands Interaction Demo/Editor/HandsInteractionDemo.Editor.asmdef using Guid(ec10eb674fe33dc418851b064a84acc4) Importer(2089858483,192608db42251d675da83286b1cce702) (ScriptedImporter) -> (artifact id: '9ccb41a3edc5d58da49336f06c77e431') in 0.0222126 seconds
Number of updated asset objects reloaded before import = 0Number of asset objects unloaded after import = 1

========================================================================
Received Import Request.
  Time since last request: 0.000014 seconds.
  path: Assets/Samples/XR Hands/1.6.2/HandVisualizer/Models/RightHandAndroidXR.fbx
  artifactKey: Guid(49090752ee8bba242ad64a291905ee10) Importer(2089858483,192608db42251d675da83286b1cce702)
Start importing Assets/Samples/XR Hands/1.6.2/HandVisualizer/Models/RightHandAndroidXR.fbx using Guid(49090752ee8bba242ad64a291905ee10) Importer(2089858483,192608db42251d675da83286b1cce702) (ScriptedImporter) -> (artifact id: 'c5dcbc5f9cec12e44303a493380ca942') in 0.0277339 seconds
Number of updated asset objects reloaded before import = 0Number of asset objects unloaded after import = 76

========================================================================
Received Import Request.
  Time since last request: 0.000013 seconds.
  path: Assets/Import/3D Gamekit - Environment Pack/Environment/Ground/Textures/MuddyGround_MetallicSmooth.tif
  artifactKey: Guid(ff7a18657252a6644a9c737e1f6d8207) Importer(2089858483,192608db42251d675da83286b1cce702)
Start importing Assets/Import/3D Gamekit - Environment Pack/Environment/Ground/Textures/MuddyGround_MetallicSmooth.tif using Guid(ff7a18657252a6644a9c737e1f6d8207) Importer(2089858483,192608db42251d675da83286b1cce702) (ScriptedImporter) -> (artifact id: '2cc0e18d69bea85f031daf6ee0967ff3') in 0.0303247 seconds
Number of updated asset objects reloaded before import = 0Number of asset objects unloaded after import = 1

========================================================================
Received Import Request.
  Time since last request: 0.000015 seconds.
  path: Assets/Samples/XR Interaction Toolkit/3.0.8/Hands Interaction Demo/DatumPresets/Menu Hands Follow Preset.asset
  artifactKey: Guid(15088c60ea1e00448a95ebaef96316da) Importer(2089858483,192608db42251d675da83286b1cce702)
Start importing Assets/Samples/XR Interaction Toolkit/3.0.8/Hands Interaction Demo/DatumPresets/Menu Hands Follow Preset.asset using Guid(15088c60ea1e00448a95ebaef96316da) Importer(2089858483,192608db42251d675da83286b1cce702) (ScriptedImporter) -> (artifact id: '6d38d5d2f1aa386157c1043421f9dc6a') in 0.0166253 seconds
Number of updated asset objects reloaded before import = 0Number of asset objects unloaded after import = 1

========================================================================
Received Import Request.
  Time since last request: 0.000028 seconds.
  path: Assets/Samples/XR Hands/1.6.2/HandVisualizer/Models/LeftHand.fbx
  artifactKey: Guid(bf7151579c38e2a44be94ba8773876c1) Importer(2089858483,192608db42251d675da83286b1cce702)
Start importing Assets/Samples/XR Hands/1.6.2/HandVisualizer/Models/LeftHand.fbx using Guid(bf7151579c38e2a44be94ba8773876c1) Importer(2089858483,192608db42251d675da83286b1cce702) (ScriptedImporter) -> (artifact id: '62f0a3ecc320c6ecca9778bc62ef0e78') in 0.0167056 seconds
Number of updated asset objects reloaded before import = 0Number of asset objects unloaded after import = 60

========================================================================
Received Import Request.
  Time since last request: 0.000016 seconds.
  path: Assets/Samples/XR Interaction Toolkit/3.0.8/Hands Interaction Demo/AffordanceThemes/PinchPointHighlightColor.asset
  artifactKey: Guid(6b0360f219436394b8519378cd55c7e3) Importer(2089858483,192608db42251d675da83286b1cce702)
Start importing Assets/Samples/XR Interaction Toolkit/3.0.8/Hands Interaction Demo/AffordanceThemes/PinchPointHighlightColor.asset using Guid(6b0360f219436394b8519378cd55c7e3) Importer(2089858483,192608db42251d675da83286b1cce702) (ScriptedImporter) -> (artifact id: '43506b5b9bc6f75e3793dceeef7eb58f') in 0.0268061 seconds
Number of updated asset objects reloaded before import = 0Number of asset objects unloaded after import = 1

========================================================================
Received Import Request.
  Time since last request: 0.000013 seconds.
  path: Assets/Import/3D Gamekit - Environment Pack/Environment/Ground/Textures/SmallStones_MetallicSmooth.tif
  artifactKey: Guid(91c764a7acc458d479b088d2861c476c) Importer(2089858483,192608db42251d675da83286b1cce702)
Start importing Assets/Import/3D Gamekit - Environment Pack/Environment/Ground/Textures/SmallStones_MetallicSmooth.tif using Guid(91c764a7acc458d479b088d2861c476c) Importer(2089858483,192608db42251d675da83286b1cce702) (ScriptedImporter) -> (artifact id: '73b867e4ee833a38247ed9dd4a6ecb21') in 0.0298546 seconds
Number of updated asset objects reloaded before import = 0Number of asset objects unloaded after import = 1

========================================================================
Received Import Request.
  Time since last request: 0.000015 seconds.
  path: Assets/Import/3D Gamekit - Environment Pack/Environment/Ground/Textures/MuddyGround_normal.tif
  artifactKey: Guid(8966a67eba656384b8870d6cac30864f) Importer(2089858483,192608db42251d675da83286b1cce702)
Start importing Assets/Import/3D Gamekit - Environment Pack/Environment/Ground/Textures/MuddyGround_normal.tif using Guid(8966a67eba656384b8870d6cac30864f) Importer(2089858483,192608db42251d675da83286b1cce702) (ScriptedImporter) -> (artifact id: 'db3a53570ffd2f2b5d652704b9a6ce30') in 0.0323468 seconds
Number of updated asset objects reloaded before import = 0Number of asset objects unloaded after import = 1

========================================================================
Received Import Request.
  Time since last request: 0.000017 seconds.
  path: Assets/Samples/XR Interaction Toolkit/3.0.8/Hands Interaction Demo/Scripts/Vector3ScaleAffordanceReceiver.cs
  artifactKey: Guid(27bee223346c63f4bb2b0f85250f58b7) Importer(2089858483,192608db42251d675da83286b1cce702)
Start importing Assets/Samples/XR Interaction Toolkit/3.0.8/Hands Interaction Demo/Scripts/Vector3ScaleAffordanceReceiver.cs using Guid(27bee223346c63f4bb2b0f85250f58b7) Importer(2089858483,192608db42251d675da83286b1cce702) (ScriptedImporter) -> (artifact id: 'a04ee5b3684701f8b177bef1b7cbd162') in 0.0124724 seconds
Number of updated asset objects reloaded before import = 0Number of asset objects unloaded after import = 0

========================================================================
Received Import Request.
  Time since last request: 0.000033 seconds.
  path: Assets/Samples/XR Interaction Toolkit/3.0.8/Hands Interaction Demo/Shaders/Unity_Hand.shadergraph
  artifactKey: Guid(bd11349dc99f3fd4083ef2f86cee9c1f) Importer(2089858483,192608db42251d675da83286b1cce702)
Start importing Assets/Samples/XR Interaction Toolkit/3.0.8/Hands Interaction Demo/Shaders/Unity_Hand.shadergraph using Guid(bd11349dc99f3fd4083ef2f86cee9c1f) Importer(2089858483,192608db42251d675da83286b1cce702) (ScriptedImporter) -> (artifact id: '1e45ec722dff83ced1befb834edc0653') in 0.2585459 seconds
Number of updated asset objects reloaded before import = 0Number of asset objects unloaded after import = 10

========================================================================
Received Import Request.
  Time since last request: 0.000017 seconds.
  path: Assets/Samples/XR Interaction Toolkit/3.2.1/Starter Assets/Filters/AnyGazedAtTeleportAnchorFilter.asset
  artifactKey: Guid(0f906c94e2aa0c3488832acc1db04295) Importer(2089858483,192608db42251d675da83286b1cce702)
Start importing Assets/Samples/XR Interaction Toolkit/3.2.1/Starter Assets/Filters/AnyGazedAtTeleportAnchorFilter.asset using Guid(0f906c94e2aa0c3488832acc1db04295) Importer(2089858483,192608db42251d675da83286b1cce702) (ScriptedImporter) -> (artifact id: '8142d78d914de4f4dafa69efcdca47b3') in 0.0162678 seconds
Number of updated asset objects reloaded before import = 0Number of asset objects unloaded after import = 1

========================================================================
Received Import Request.
  Time since last request: 0.000022 seconds.
  path: Assets/Import/Stylized Environnement - Free Pack/Textures/Skybox/Day/down.png
  artifactKey: Guid(9f536f9ccc78647d390765e1053cccf2) Importer(2089858483,192608db42251d675da83286b1cce702)
Start importing Assets/Import/Stylized Environnement - Free Pack/Textures/Skybox/Day/down.png using Guid(9f536f9ccc78647d390765e1053cccf2) Importer(2089858483,192608db42251d675da83286b1cce702) (ScriptedImporter) -> (artifact id: '2fbdf16ccab872a3ca31c1939d894e91') in 0.021376 seconds
Number of updated asset objects reloaded before import = 0Number of asset objects unloaded after import = 1

========================================================================
Received Import Request.
  Time since last request: 0.000011 seconds.
  path: Assets/Samples/XR Interaction Toolkit/3.0.8/Hands Interaction Demo/Textures/CombinedFingerIndexHighlight.png
  artifactKey: Guid(323e734c56102e643a829e6f33533314) Importer(2089858483,192608db42251d675da83286b1cce702)
Start importing Assets/Samples/XR Interaction Toolkit/3.0.8/Hands Interaction Demo/Textures/CombinedFingerIndexHighlight.png using Guid(323e734c56102e643a829e6f33533314) Importer(2089858483,192608db42251d675da83286b1cce702) (ScriptedImporter) -> (artifact id: '3c22afae2f6570d021f259a73185ccb9') in 0.0205839 seconds
Number of updated asset objects reloaded before import = 0Number of asset objects unloaded after import = 1

========================================================================
Received Import Request.
  Time since last request: 0.000012 seconds.
  path: Assets/Samples/XR Interaction Toolkit/3.2.1/Starter Assets/Presets/XRI Default Snap Turn.preset
  artifactKey: Guid(5d3a60dbf2f04694f9060712df89debb) Importer(2089858483,192608db42251d675da83286b1cce702)
Start importing Assets/Samples/XR Interaction Toolkit/3.2.1/Starter Assets/Presets/XRI Default Snap Turn.preset using Guid(5d3a60dbf2f04694f9060712df89debb) Importer(2089858483,192608db42251d675da83286b1cce702) (ScriptedImporter) -> (artifact id: 'e2cf86e1e8b43ae0dc89108c4deb9ccf') in 0.0405654 seconds
Number of updated asset objects reloaded before import = 0Number of asset objects unloaded after import = 4

========================================================================
Received Import Request.
  Time since last request: 0.000016 seconds.
  path: Assets/Samples/XR Interaction Toolkit/3.2.1/Starter Assets/Presets/XRI Default Continuous Move.preset
  artifactKey: Guid(27c5945ad36f6f147bc402250679a228) Importer(2089858483,192608db42251d675da83286b1cce702)
Start importing Assets/Samples/XR Interaction Toolkit/3.2.1/Starter Assets/Presets/XRI Default Continuous Move.preset using Guid(27c5945ad36f6f147bc402250679a228) Importer(2089858483,192608db42251d675da83286b1cce702) (ScriptedImporter) -> (artifact id: '60968066ee10295ae056c80e9f3f3cfd') in 0.027414 seconds
Number of updated asset objects reloaded before import = 0Number of asset objects unloaded after import = 4

========================================================================
Received Import Request.
  Time since last request: 0.000015 seconds.
  path: Assets/Samples/XR Interaction Toolkit/3.0.8/Hands Interaction Demo/Prefabs/RightHandInteractionVisual.prefab
  artifactKey: Guid(89e80c47615e4f043926d66492d3ca5f) Importer(2089858483,192608db42251d675da83286b1cce702)
Start importing Assets/Samples/XR Interaction Toolkit/3.0.8/Hands Interaction Demo/Prefabs/RightHandInteractionVisual.prefab using Guid(89e80c47615e4f043926d66492d3ca5f) Importer(2089858483,192608db42251d675da83286b1cce702) (ScriptedImporter) -> (artifact id: '3ffe6e428f225b9e9ab21aeb71562784') in 0.0516679 seconds
Number of updated asset objects reloaded before import = 0Number of asset objects unloaded after import = 79

========================================================================
Received Import Request.
  Time since last request: 0.000035 seconds.
  path: Assets/Import/Stylized Environnement - Free Pack/Textures/Skybox/Day/right.png
  artifactKey: Guid(b0f1f10cb758e4f9180d658a7087c090) Importer(2089858483,192608db42251d675da83286b1cce702)
Start importing Assets/Import/Stylized Environnement - Free Pack/Textures/Skybox/Day/right.png using Guid(b0f1f10cb758e4f9180d658a7087c090) Importer(2089858483,192608db42251d675da83286b1cce702) (ScriptedImporter) -> (artifact id: '18b7c25d2ae922a09a01a95197af768b') in 0.020954 seconds
Number of updated asset objects reloaded before import = 0Number of asset objects unloaded after import = 1

========================================================================
Received Import Request.
  Time since last request: 0.000015 seconds.
  path: Assets/Samples/XR Interaction Toolkit/3.2.1/Starter Assets/Materials/Controller_White.mat
  artifactKey: Guid(9f12d299d16099343a3c5c0d7285822a) Importer(2089858483,192608db42251d675da83286b1cce702)
Start importing Assets/Samples/XR Interaction Toolkit/3.2.1/Starter Assets/Materials/Controller_White.mat using Guid(9f12d299d16099343a3c5c0d7285822a) Importer(2089858483,192608db42251d675da83286b1cce702) (ScriptedImporter) -> (artifact id: '5ab1210ecb2eb85c6d558a7e5ed6ef3a') in 0.0159475 seconds
Number of updated asset objects reloaded before import = 0Number of asset objects unloaded after import = 2

========================================================================
Received Import Request.
  Time since last request: 0.000016 seconds.
  path: Assets/Decor/Planets of the Solar System 3D/Textures/Planets/Pluto_2k.png
  artifactKey: Guid(c30c20856f88b43289aeed89910865da) Importer(2089858483,192608db42251d675da83286b1cce702)
Start importing Assets/Decor/Planets of the Solar System 3D/Textures/Planets/Pluto_2k.png using Guid(c30c20856f88b43289aeed89910865da) Importer(2089858483,192608db42251d675da83286b1cce702) (ScriptedImporter) -> (artifact id: 'ebc84afd6be46c8b54d66d72e61a3c03') in 0.021294 seconds
Number of updated asset objects reloaded before import = 0Number of asset objects unloaded after import = 1

========================================================================
Received Import Request.
  Time since last request: 0.000016 seconds.
  path: Assets/Material/Materials/lapin/bunny1_nose_eyebrow.mat
  artifactKey: Guid(c4635d4c29fe77b4f88e5074ff4e89f8) Importer(2089858483,192608db42251d675da83286b1cce702)
Start importing Assets/Material/Materials/lapin/bunny1_nose_eyebrow.mat using Guid(c4635d4c29fe77b4f88e5074ff4e89f8) Importer(2089858483,192608db42251d675da83286b1cce702) (ScriptedImporter) -> (artifact id: 'e9c76bec4ecb7a1979a13e9a9c73c246') in 0.0250989 seconds
Number of updated asset objects reloaded before import = 0Number of asset objects unloaded after import = 1

========================================================================
Received Import Request.
  Time since last request: 0.000020 seconds.
  path: Assets/Samples/XR Hands/1.6.2/HandVisualizer/Scripts/HandProcessor.cs
  artifactKey: Guid(ac5903b776721d74786a2e43f00b949a) Importer(2089858483,192608db42251d675da83286b1cce702)
Start importing Assets/Samples/XR Hands/1.6.2/HandVisualizer/Scripts/HandProcessor.cs using Guid(ac5903b776721d74786a2e43f00b949a) Importer(2089858483,192608db42251d675da83286b1cce702) (ScriptedImporter) -> (artifact id: 'bffd18742711c4d997e9e21dce2a1e46') in 0.0145166 seconds
Number of updated asset objects reloaded before import = 0Number of asset objects unloaded after import = 0

========================================================================
Received Import Request.
  Time since last request: 0.000021 seconds.
  path: Assets/Import/3D Gamekit - Environment Pack/Environment/Vegetation/Large/Prefabs/VegetationLarge01.prefab
  artifactKey: Guid(6637612a134e1e74a8c4a2d5b55da318) Importer(2089858483,192608db42251d675da83286b1cce702)
Start importing Assets/Import/3D Gamekit - Environment Pack/Environment/Vegetation/Large/Prefabs/VegetationLarge01.prefab using Guid(6637612a134e1e74a8c4a2d5b55da318) Importer(2089858483,192608db42251d675da83286b1cce702) (ScriptedImporter) -> (artifact id: '228e2d284acde830098fe5130b8ced7e') in 0.0459297 seconds
Number of updated asset objects reloaded before import = 0Number of asset objects unloaded after import = 20

========================================================================
Received Import Request.
  Time since last request: 0.000021 seconds.
  path: Assets/Samples/XR Interaction Toolkit/3.2.1/Starter Assets/Scripts/PlatformUnderstanding.cs
  artifactKey: Guid(3ce213c1f32595b4888e78a36e017d3e) Importer(2089858483,192608db42251d675da83286b1cce702)
Start importing Assets/Samples/XR Interaction Toolkit/3.2.1/Starter Assets/Scripts/PlatformUnderstanding.cs using Guid(3ce213c1f32595b4888e78a36e017d3e) Importer(2089858483,192608db42251d675da83286b1cce702) (ScriptedImporter) -> (artifact id: '50372bdb81fa9eb5896115aa8464428f') in 0.0136851 seconds
Number of updated asset objects reloaded before import = 0Number of asset objects unloaded after import = 0

========================================================================
Received Import Request.
  Time since last request: 0.000016 seconds.
  path: Assets/Import/3D Gamekit - Environment Pack/Environment/Vegetation/Large/Materials/VegetationLarge03_Mat.mat
  artifactKey: Guid(fa36871593e539b49b6b2a691b8237d2) Importer(2089858483,192608db42251d675da83286b1cce702)
Start importing Assets/Import/3D Gamekit - Environment Pack/Environment/Vegetation/Large/Materials/VegetationLarge03_Mat.mat using Guid(fa36871593e539b49b6b2a691b8237d2) Importer(2089858483,192608db42251d675da83286b1cce702) (ScriptedImporter) -> (artifact id: 'ed57937252af0f43df5037f0b2baeb98') in 0.0736921 seconds
Number of updated asset objects reloaded before import = 0Number of asset objects unloaded after import = 5

========================================================================
Received Import Request.
  Time since last request: 0.000016 seconds.
  path: Assets/Samples/XR Interaction Toolkit/3.2.1/Starter Assets/Shaders/Interactable.shadergraph
  artifactKey: Guid(0927d29e476ce5843b1f7d2a96943c51) Importer(2089858483,192608db42251d675da83286b1cce702)
Start importing Assets/Samples/XR Interaction Toolkit/3.2.1/Starter Assets/Shaders/Interactable.shadergraph using Guid(0927d29e476ce5843b1f7d2a96943c51) Importer(2089858483,192608db42251d675da83286b1cce702) (ScriptedImporter) -> (artifact id: 'ff1bbaaa2763df46a45c1cd4e9bd4635') in 0.2000142 seconds
Number of updated asset objects reloaded before import = 0Number of asset objects unloaded after import = 6

========================================================================
Received Import Request.
  Time since last request: 0.000029 seconds.
  path: Assets/Import/3D Gamekit - Environment Pack/Environment/Vegetation/Large/Prefabs/VegetationLarge05_02.prefab
  artifactKey: Guid(a5b5e10ddd6d4e14c92d088b73af1dfa) Importer(2089858483,192608db42251d675da83286b1cce702)
Start importing Assets/Import/3D Gamekit - Environment Pack/Environment/Vegetation/Large/Prefabs/VegetationLarge05_02.prefab using Guid(a5b5e10ddd6d4e14c92d088b73af1dfa) Importer(2089858483,192608db42251d675da83286b1cce702) (ScriptedImporter) -> (artifact id: 'e6ae159417f80ac942cc5993d1468667') in 0.0490553 seconds
Number of updated asset objects reloaded before import = 0Number of asset objects unloaded after import = 20

========================================================================
Received Import Request.
  Time since last request: 0.000018 seconds.
  path: Assets/Import/3D Gamekit - Environment Pack/Environment/Vegetation/Large/Textures/VegetationLarge06_Normals.tif
  artifactKey: Guid(d40d6fe19e955c74cb85a200c66432b2) Importer(2089858483,192608db42251d675da83286b1cce702)
Start importing Assets/Import/3D Gamekit - Environment Pack/Environment/Vegetation/Large/Textures/VegetationLarge06_Normals.tif using Guid(d40d6fe19e955c74cb85a200c66432b2) Importer(2089858483,192608db42251d675da83286b1cce702) (ScriptedImporter) -> (artifact id: '59bf4d4ee35cd3a34c9b3ad554e234ed') in 0.0217111 seconds
Number of updated asset objects reloaded before import = 0Number of asset objects unloaded after import = 1

========================================================================
Received Import Request.
  Time since last request: 0.000014 seconds.
  path: Assets/Import/3D Gamekit - Environment Pack/Environment/Vegetation/Large/Prefabs/VegetationLarge03.prefab
  artifactKey: Guid(c9eecf76269530440a0d1c4ade2aeeb9) Importer(2089858483,192608db42251d675da83286b1cce702)
Start importing Assets/Import/3D Gamekit - Environment Pack/Environment/Vegetation/Large/Prefabs/VegetationLarge03.prefab using Guid(c9eecf76269530440a0d1c4ade2aeeb9) Importer(2089858483,192608db42251d675da83286b1cce702) (ScriptedImporter) -> (artifact id: 'd54c1f4eeff953d0b6bb75ff14f02205') in 0.0479938 seconds
Number of updated asset objects reloaded before import = 0Number of asset objects unloaded after import = 20

========================================================================
Received Import Request.
  Time since last request: 0.000017 seconds.
  path: Assets/Import/Stylized Environnement - Free Pack/Textures/Tree/trunk/tree_01_LP_textureSet_Roughness.png
  artifactKey: Guid(91ab4afc854484adebcdaae92a047dee) Importer(2089858483,192608db42251d675da83286b1cce702)
Start importing Assets/Import/Stylized Environnement - Free Pack/Textures/Tree/trunk/tree_01_LP_textureSet_Roughness.png using Guid(91ab4afc854484adebcdaae92a047dee) Importer(2089858483,192608db42251d675da83286b1cce702) (ScriptedImporter) -> (artifact id: '438ada688a7ee4c1a1918fe20c4ce72b') in 0.021741 seconds
Number of updated asset objects reloaded before import = 0Number of asset objects unloaded after import = 1

========================================================================
Received Import Request.
  Time since last request: 0.000022 seconds.
  path: Assets/XRI/Settings/Resources/InteractionLayerSettings.asset
  artifactKey: Guid(04bc405133c1c5f4c8c41e92caeff12e) Importer(2089858483,192608db42251d675da83286b1cce702)
Start importing Assets/XRI/Settings/Resources/InteractionLayerSettings.asset using Guid(04bc405133c1c5f4c8c41e92caeff12e) Importer(2089858483,192608db42251d675da83286b1cce702) (ScriptedImporter) -> (artifact id: '00438b6b354a4c5b3484be0fad9c32f1') in 0.0152208 seconds
Number of updated asset objects reloaded before import = 0Number of asset objects unloaded after import = 1

========================================================================
Received Import Request.
  Time since last request: 0.000013 seconds.
  path: Assets/Import/3D Gamekit - Environment Pack/Environment/Ground/Textures/Moss_Height.tif
  artifactKey: Guid(1c0d44c4e761653459dbec2e39672ae3) Importer(2089858483,192608db42251d675da83286b1cce702)
Start importing Assets/Import/3D Gamekit - Environment Pack/Environment/Ground/Textures/Moss_Height.tif using Guid(1c0d44c4e761653459dbec2e39672ae3) Importer(2089858483,192608db42251d675da83286b1cce702) (ScriptedImporter) -> (artifact id: 'a0beb98e737a8714a34f85da9ae9a000') in 0.0262945 seconds
Number of updated asset objects reloaded before import = 0Number of asset objects unloaded after import = 1

========================================================================
Received Import Request.
  Time since last request: 0.000013 seconds.
  path: Assets/Samples/XR Interaction Toolkit/3.0.8/Hands Interaction Demo/Scripts/HideObjectWhenInteractorBlocked.cs
  artifactKey: Guid(2e989a75b2954bdab01ca618a30d5de6) Importer(2089858483,192608db42251d675da83286b1cce702)
Start importing Assets/Samples/XR Interaction Toolkit/3.0.8/Hands Interaction Demo/Scripts/HideObjectWhenInteractorBlocked.cs using Guid(2e989a75b2954bdab01ca618a30d5de6) Importer(2089858483,192608db42251d675da83286b1cce702) (ScriptedImporter) -> (artifact id: '8a39438e22a2709fca4fb46264c4b7c7') in 0.0157621 seconds
Number of updated asset objects reloaded before import = 0Number of asset objects unloaded after import = 0

========================================================================
Received Import Request.
  Time since last request: 0.000013 seconds.
  path: Assets/Import/3D Gamekit - Environment Pack/Environment/Vegetation/Misc/Textures/GroundCover01_MetallicSmooth.tif
  artifactKey: Guid(caac4a165a0cb994ab9940263beb81f3) Importer(2089858483,192608db42251d675da83286b1cce702)
Start importing Assets/Import/3D Gamekit - Environment Pack/Environment/Vegetation/Misc/Textures/GroundCover01_MetallicSmooth.tif using Guid(caac4a165a0cb994ab9940263beb81f3) Importer(2089858483,192608db42251d675da83286b1cce702) (ScriptedImporter) -> (artifact id: 'dc4a1d8998028d8246d006389b910838') in 0.0265484 seconds
Number of updated asset objects reloaded before import = 0Number of asset objects unloaded after import = 1

========================================================================
Received Import Request.
  Time since last request: 0.000018 seconds.
  path: Assets/Import/3D Gamekit - Environment Pack/Environment/Vegetation/Medium/Textures/VegetationMedium03_Occlusion.tif
  artifactKey: Guid(4efa44134e54d76448f9e3948c6db6f1) Importer(2089858483,192608db42251d675da83286b1cce702)
Start importing Assets/Import/3D Gamekit - Environment Pack/Environment/Vegetation/Medium/Textures/VegetationMedium03_Occlusion.tif using Guid(4efa44134e54d76448f9e3948c6db6f1) Importer(2089858483,192608db42251d675da83286b1cce702) (ScriptedImporter) -> (artifact id: '5ed6e6836b0d10085cedc4473201e74a') in 0.0259069 seconds
Number of updated asset objects reloaded before import = 0Number of asset objects unloaded after import = 1

========================================================================
Received Import Request.
  Time since last request: 0.000021 seconds.
  path: Assets/Import/3D Gamekit - Environment Pack/Environment/Vegetation/Misc/Materials/Vine_Mat.mat
  artifactKey: Guid(b345939ea62931547acd63bcd5b485e9) Importer(2089858483,192608db42251d675da83286b1cce702)
Start importing Assets/Import/3D Gamekit - Environment Pack/Environment/Vegetation/Misc/Materials/Vine_Mat.mat using Guid(b345939ea62931547acd63bcd5b485e9) Importer(2089858483,192608db42251d675da83286b1cce702) (ScriptedImporter) -> (artifact id: 'cdfa15dbadd8156ff6a635b3e73d84db') in 0.0601278 seconds
Number of updated asset objects reloaded before import = 0Number of asset objects unloaded after import = 6

========================================================================
Received Import Request.
  Time since last request: 0.000013 seconds.
  path: Assets/Import/3D Gamekit - Environment Pack/Environment/Vegetation/Misc/Textures/HangingMoss01_Albedo.tif
  artifactKey: Guid(f77c96b973acbaa429aa02f6aadc8ee0) Importer(2089858483,192608db42251d675da83286b1cce702)
Start importing Assets/Import/3D Gamekit - Environment Pack/Environment/Vegetation/Misc/Textures/HangingMoss01_Albedo.tif using Guid(f77c96b973acbaa429aa02f6aadc8ee0) Importer(2089858483,192608db42251d675da83286b1cce702) (ScriptedImporter) -> (artifact id: 'ded6d000d50f96385a6df3c6304eeca4') in 0.0175731 seconds
Number of updated asset objects reloaded before import = 0Number of asset objects unloaded after import = 1

========================================================================
Received Import Request.
  Time since last request: 0.000013 seconds.
  path: Assets/Import/3D Gamekit - Environment Pack/Environment/Vegetation/Misc/Prefabs/HangingVine2.prefab
  artifactKey: Guid(eb24b71eaeb67ab448729d79b84035ad) Importer(2089858483,192608db42251d675da83286b1cce702)
Start importing Assets/Import/3D Gamekit - Environment Pack/Environment/Vegetation/Misc/Prefabs/HangingVine2.prefab using Guid(eb24b71eaeb67ab448729d79b84035ad) Importer(2089858483,192608db42251d675da83286b1cce702) (ScriptedImporter) -> (artifact id: '2198d54d9d4906f0533db8e376d034dd') in 0.0400864 seconds
Number of updated asset objects reloaded before import = 0Number of asset objects unloaded after import = 8

========================================================================
Received Import Request.
  Time since last request: 0.000014 seconds.
  path: Assets/Import/3D Gamekit - Environment Pack/Environment/Vegetation/Medium/Textures/VegetationMedium04_Normals.tif
  artifactKey: Guid(17753bbe9fb00a14189fd0f9bd5b01e3) Importer(2089858483,192608db42251d675da83286b1cce702)
Start importing Assets/Import/3D Gamekit - Environment Pack/Environment/Vegetation/Medium/Textures/VegetationMedium04_Normals.tif using Guid(17753bbe9fb00a14189fd0f9bd5b01e3) Importer(2089858483,192608db42251d675da83286b1cce702) (ScriptedImporter) -> (artifact id: '8b94a57b16e71028c2af12e7dbba922a') in 0.0185753 seconds
Number of updated asset objects reloaded before import = 0Number of asset objects unloaded after import = 1

========================================================================
Received Import Request.
  Time since last request: 0.000022 seconds.
  path: Assets/Import/3D Gamekit - Environment Pack/Environment/Vegetation/Misc/Models/GroundCover01.fbx
  artifactKey: Guid(2498c7bd50bb5824898f8d36624375f4) Importer(2089858483,192608db42251d675da83286b1cce702)
Start importing Assets/Import/3D Gamekit - Environment Pack/Environment/Vegetation/Misc/Models/GroundCover01.fbx using Guid(2498c7bd50bb5824898f8d36624375f4) Importer(2089858483,192608db42251d675da83286b1cce702) (ScriptedImporter) -> (artifact id: 'd0c8fb016a724dc45a99fa6046852e2a') in 0.0174515 seconds
Number of updated asset objects reloaded before import = 0Number of asset objects unloaded after import = 8

========================================================================
Received Import Request.
  Time since last request: 0.000012 seconds.
  path: Assets/Samples/XR Interaction Toolkit/3.2.1/Starter Assets/Presets/XRI Default Dynamic Move.preset
  artifactKey: Guid(da25954ba1a2e604294f2ccda1d6372c) Importer(2089858483,192608db42251d675da83286b1cce702)
Start importing Assets/Samples/XR Interaction Toolkit/3.2.1/Starter Assets/Presets/XRI Default Dynamic Move.preset using Guid(da25954ba1a2e604294f2ccda1d6372c) Importer(2089858483,192608db42251d675da83286b1cce702) (ScriptedImporter) -> (artifact id: '2ec636e79b4f88cbeb12dce2b3037de9') in 0.0245288 seconds
Number of updated asset objects reloaded before import = 0Number of asset objects unloaded after import = 4

========================================================================
Received Import Request.
  Time since last request: 0.000013 seconds.
  path: Assets/Import/3D Gamekit - Environment Pack/Environment/Vegetation/Small/Materials/VegetationSmall06_Mat.mat
  artifactKey: Guid(5405f4473c846ef408c58df310ad92d3) Importer(2089858483,192608db42251d675da83286b1cce702)
Start importing Assets/Import/3D Gamekit - Environment Pack/Environment/Vegetation/Small/Materials/VegetationSmall06_Mat.mat using Guid(5405f4473c846ef408c58df310ad92d3) Importer(2089858483,192608db42251d675da83286b1cce702) (ScriptedImporter) -> (artifact id: 'd4079046a848a9a072311535951c7998') in 0.0521297 seconds
Number of updated asset objects reloaded before import = 0Number of asset objects unloaded after import = 4

========================================================================
Received Import Request.
  Time since last request: 0.000017 seconds.
  path: Assets/Import/3D Gamekit - Environment Pack/Environment/Vegetation/Small/Materials/VegetationSmall01_MidGlow.mat
  artifactKey: Guid(d376df56b7d6a0d48b993388bd197827) Importer(2089858483,192608db42251d675da83286b1cce702)
Start importing Assets/Import/3D Gamekit - Environment Pack/Environment/Vegetation/Small/Materials/VegetationSmall01_MidGlow.mat using Guid(d376df56b7d6a0d48b993388bd197827) Importer(2089858483,192608db42251d675da83286b1cce702) (ScriptedImporter) -> (artifact id: 'a57b5f5c0f6952497d385138946d2bb2') in 0.0503636 seconds
Number of updated asset objects reloaded before import = 0Number of asset objects unloaded after import = 4

========================================================================
Received Import Request.
  Time since last request: 0.000023 seconds.
  path: Assets/Import/3D Gamekit - Environment Pack/Environment/Vegetation/Small/Models/VegetationSmall07_02.fbx
  artifactKey: Guid(a7fc7e03dc50d154eb141f19bb0ef3cb) Importer(2089858483,192608db42251d675da83286b1cce702)
Start importing Assets/Import/3D Gamekit - Environment Pack/Environment/Vegetation/Small/Models/VegetationSmall07_02.fbx using Guid(a7fc7e03dc50d154eb141f19bb0ef3cb) Importer(2089858483,192608db42251d675da83286b1cce702) (ScriptedImporter) -> (artifact id: 'c96f335afc746ab6dd24dd63add22c0f') in 0.0446369 seconds
Number of updated asset objects reloaded before import = 0Number of asset objects unloaded after import = 20

========================================================================
Received Import Request.
  Time since last request: 0.000012 seconds.
  path: Assets/Import/3D Gamekit - Environment Pack/Environment/Vegetation/Small/Prefabs/VegetationSmall03.prefab
  artifactKey: Guid(f909669298ab5e745b6201715dd56f51) Importer(2089858483,192608db42251d675da83286b1cce702)
Start importing Assets/Import/3D Gamekit - Environment Pack/Environment/Vegetation/Small/Prefabs/VegetationSmall03.prefab using Guid(f909669298ab5e745b6201715dd56f51) Importer(2089858483,192608db42251d675da83286b1cce702) (ScriptedImporter) -> (artifact id: 'e1751397c75d78705660ae4f5fb1c712') in 0.0436704 seconds
Number of updated asset objects reloaded before import = 0Number of asset objects unloaded after import = 20

========================================================================
Received Import Request.
  Time since last request: 0.000015 seconds.
  path: Assets/Import/3D Gamekit - Environment Pack/Environment/Ground/Textures/Moss_Albedo.tif
  artifactKey: Guid(fd467bbf94d53bb499d3c3075cb021c9) Importer(2089858483,192608db42251d675da83286b1cce702)
Start importing Assets/Import/3D Gamekit - Environment Pack/Environment/Ground/Textures/Moss_Albedo.tif using Guid(fd467bbf94d53bb499d3c3075cb021c9) Importer(2089858483,192608db42251d675da83286b1cce702) (ScriptedImporter) -> (artifact id: '9d0857a1ee8b211b4e5aa3efb80ec047') in 0.0197717 seconds
Number of updated asset objects reloaded before import = 0Number of asset objects unloaded after import = 1

========================================================================
Received Import Request.
  Time since last request: 0.000015 seconds.
  path: Assets/Import/3D Gamekit - Environment Pack/Environment/Ground/Textures/SmallStones_Normal.tif
  artifactKey: Guid(12be41cd2643a5e41b604f470c2d35a8) Importer(2089858483,192608db42251d675da83286b1cce702)
Start importing Assets/Import/3D Gamekit - Environment Pack/Environment/Ground/Textures/SmallStones_Normal.tif using Guid(12be41cd2643a5e41b604f470c2d35a8) Importer(2089858483,192608db42251d675da83286b1cce702) (ScriptedImporter) -> (artifact id: '485bc5c2d657dd30c3ff30e56aba5236') in 0.0259183 seconds
Number of updated asset objects reloaded before import = 0Number of asset objects unloaded after import = 1

========================================================================
Received Import Request.
  Time since last request: 0.000025 seconds.
  path: Assets/Import/3D Gamekit - Environment Pack/Environment/Vegetation/Small/Textures/VegetationSmall04_Albedo.tif
  artifactKey: Guid(452ee9dee34a1ba439a91293f4ee1b7e) Importer(2089858483,192608db42251d675da83286b1cce702)
Start importing Assets/Import/3D Gamekit - Environment Pack/Environment/Vegetation/Small/Textures/VegetationSmall04_Albedo.tif using Guid(452ee9dee34a1ba439a91293f4ee1b7e) Importer(2089858483,192608db42251d675da83286b1cce702) (ScriptedImporter) -> (artifact id: '40558d0dc6b23559faaa71e4e7c2e231') in 0.0262102 seconds
Number of updated asset objects reloaded before import = 0Number of asset objects unloaded after import = 1

========================================================================
Received Import Request.
  Time since last request: 0.000013 seconds.
  path: Assets/Import/3D Gamekit - Environment Pack/Environment/Vegetation/Small/Textures/VegetationSmall05_Occlusion.tif
  artifactKey: Guid(bf7acf3db37012c46925ba4b415becf3) Importer(2089858483,192608db42251d675da83286b1cce702)
Start importing Assets/Import/3D Gamekit - Environment Pack/Environment/Vegetation/Small/Textures/VegetationSmall05_Occlusion.tif using Guid(bf7acf3db37012c46925ba4b415becf3) Importer(2089858483,192608db42251d675da83286b1cce702) (ScriptedImporter) -> (artifact id: '75c2861a3b6986d0dc44d7b69ed7f687') in 0.0194254 seconds
Number of updated asset objects reloaded before import = 0Number of asset objects unloaded after import = 1

========================================================================
Received Import Request.
  Time since last request: 0.000012 seconds.
  path: Assets/Import/3D Gamekit - Environment Pack/Environment/Vegetation/Small/Textures/VegetationSmall01_Occlusion.tif
  artifactKey: Guid(87023a25159e0f34e9853efc28b4dd0d) Importer(2089858483,192608db42251d675da83286b1cce702)
Start importing Assets/Import/3D Gamekit - Environment Pack/Environment/Vegetation/Small/Textures/VegetationSmall01_Occlusion.tif using Guid(87023a25159e0f34e9853efc28b4dd0d) Importer(2089858483,192608db42251d675da83286b1cce702) (ScriptedImporter) -> (artifact id: '3e015b1c582151678cbbda8b07540f6e') in 0.0190823 seconds
Number of updated asset objects reloaded before import = 0Number of asset objects unloaded after import = 1

========================================================================
Received Import Request.
  Time since last request: 0.000012 seconds.
  path: Assets/Import/3D Gamekit - Environment Pack/Environment/Vegetation/Small/Textures/VegetationSmall03_Occlusion.tif
  artifactKey: Guid(5e08c21265c863c4d8195db951bc2a4c) Importer(2089858483,192608db42251d675da83286b1cce702)
Start importing Assets/Import/3D Gamekit - Environment Pack/Environment/Vegetation/Small/Textures/VegetationSmall03_Occlusion.tif using Guid(5e08c21265c863c4d8195db951bc2a4c) Importer(2089858483,192608db42251d675da83286b1cce702) (ScriptedImporter) -> (artifact id: 'cb8320ccb9c60cb54c0276be518e6b02') in 0.0200591 seconds
Number of updated asset objects reloaded before import = 0Number of asset objects unloaded after import = 1

========================================================================
Received Import Request.
  Time since last request: 0.000015 seconds.
  path: Assets/Import/3D Gamekit - Environment Pack/Environment/Vegetation/Small/Textures/VegetationSmall04_MetallicSmooth.tif
  artifactKey: Guid(11b0aa188646edc46bf2b27f7a8717d0) Importer(2089858483,192608db42251d675da83286b1cce702)
Start importing Assets/Import/3D Gamekit - Environment Pack/Environment/Vegetation/Small/Textures/VegetationSmall04_MetallicSmooth.tif using Guid(11b0aa188646edc46bf2b27f7a8717d0) Importer(2089858483,192608db42251d675da83286b1cce702) (ScriptedImporter) -> (artifact id: 'a039869e7cf1128b266f51242e1d7c41') in 0.0268282 seconds
Number of updated asset objects reloaded before import = 0Number of asset objects unloaded after import = 1

========================================================================
Received Import Request.
  Time since last request: 0.000021 seconds.
  path: Assets/Import/3D Gamekit - Environment Pack/Environment/Ground/Textures/Water_Spec.tif
  artifactKey: Guid(6b58fc510e931ca42829bb59ddd389c9) Importer(2089858483,192608db42251d675da83286b1cce702)
Start importing Assets/Import/3D Gamekit - Environment Pack/Environment/Ground/Textures/Water_Spec.tif using Guid(6b58fc510e931ca42829bb59ddd389c9) Importer(2089858483,192608db42251d675da83286b1cce702) (ScriptedImporter) -> (artifact id: 'cfdebba85aee28084c2406a4037df9e8') in 0.0277472 seconds
Number of updated asset objects reloaded before import = 0Number of asset objects unloaded after import = 1

========================================================================
Received Import Request.
  Time since last request: 0.000013 seconds.
  path: Assets/Samples/XR Hands/1.6.2/HandVisualizer/Materials/Blue.mat
  artifactKey: Guid(7b26add94f09dc44fb811013f007a3aa) Importer(2089858483,192608db42251d675da83286b1cce702)
Start importing Assets/Samples/XR Hands/1.6.2/HandVisualizer/Materials/Blue.mat using Guid(7b26add94f09dc44fb811013f007a3aa) Importer(2089858483,192608db42251d675da83286b1cce702) (ScriptedImporter) -> (artifact id: '824fd6119447291af60db28e61aa0fb1') in 0.013416 seconds
Number of updated asset objects reloaded before import = 0Number of asset objects unloaded after import = 1

========================================================================
Received Import Request.
  Time since last request: 0.000013 seconds.
  path: Assets/Samples/XR Hands/1.6.2/HandVisualizer/Materials/MaterialPipelineHandler.asset
  artifactKey: Guid(e22d037d5d9286644b4b81a8b91b5ee5) Importer(2089858483,192608db42251d675da83286b1cce702)
Start importing Assets/Samples/XR Hands/1.6.2/HandVisualizer/Materials/MaterialPipelineHandler.asset using Guid(e22d037d5d9286644b4b81a8b91b5ee5) Importer(2089858483,192608db42251d675da83286b1cce702) (ScriptedImporter) -> (artifact id: '7fe57dd29a6305e0610278b748a90f87') in 0.014471 seconds
Number of updated asset objects reloaded before import = 0Number of asset objects unloaded after import = 7

========================================================================
Received Import Request.
  Time since last request: 0.000012 seconds.
  path: Assets/Samples/XR Hands/1.5.1/Gestures/Debug Tools/Sprites/FullCurl_Icon.png
  artifactKey: Guid(9755dc0d0aa4f2048ab14497c25d2c18) Importer(2089858483,192608db42251d675da83286b1cce702)
Start importing Assets/Samples/XR Hands/1.5.1/Gestures/Debug Tools/Sprites/FullCurl_Icon.png using Guid(9755dc0d0aa4f2048ab14497c25d2c18) Importer(2089858483,192608db42251d675da83286b1cce702) (ScriptedImporter) -> (artifact id: '1ca86358b3dcbc8e7683a07a31269529') in 0.0311822 seconds
Number of updated asset objects reloaded before import = 0Number of asset objects unloaded after import = 3

========================================================================
Received Import Request.
  Time since last request: 0.000016 seconds.
  path: Assets/Samples/XR Hands/1.5.1/Gestures/Debug Tools/Sprites/Splay_Icon.png
  artifactKey: Guid(9d8044d906b81524f91dc58be9f653f3) Importer(2089858483,192608db42251d675da83286b1cce702)
Start importing Assets/Samples/XR Hands/1.5.1/Gestures/Debug Tools/Sprites/Splay_Icon.png using Guid(9d8044d906b81524f91dc58be9f653f3) Importer(2089858483,192608db42251d675da83286b1cce702) (ScriptedImporter) -> (artifact id: '3a99a250823efaae6ab48f2732960a54') in 0.0267441 seconds
Number of updated asset objects reloaded before import = 0Number of asset objects unloaded after import = 3

========================================================================
Received Import Request.
  Time since last request: 0.000023 seconds.
  path: Assets/Samples/XR Hands/1.5.1/Gestures/Debug Tools/Scripts/XRAllFingerShapesDebugUI.cs
  artifactKey: Guid(2ff34dc1f6664bb981a9c41141706430) Importer(2089858483,192608db42251d675da83286b1cce702)
Start importing Assets/Samples/XR Hands/1.5.1/Gestures/Debug Tools/Scripts/XRAllFingerShapesDebugUI.cs using Guid(2ff34dc1f6664bb981a9c41141706430) Importer(2089858483,192608db42251d675da83286b1cce702) (ScriptedImporter) -> (artifact id: 'ac875ea9dbb686e9770a558f13d3d784') in 0.0145155 seconds
Number of updated asset objects reloaded before import = 0Number of asset objects unloaded after import = 0

========================================================================
Received Import Request.
  Time since last request: 0.000013 seconds.
  path: Assets/Samples/XR Hands/1.5.1/Gestures/Debug Tools/Scripts/XRHandShapeDebugUI.cs
  artifactKey: Guid(d910c8d9fbee0ff4ca65321d83eda050) Importer(2089858483,192608db42251d675da83286b1cce702)
Start importing Assets/Samples/XR Hands/1.5.1/Gestures/Debug Tools/Scripts/XRHandShapeDebugUI.cs using Guid(d910c8d9fbee0ff4ca65321d83eda050) Importer(2089858483,192608db42251d675da83286b1cce702) (ScriptedImporter) -> (artifact id: 'f56983c89787857dd6d9aa9979db03f2') in 0.0121092 seconds
Number of updated asset objects reloaded before import = 0Number of asset objects unloaded after import = 0

========================================================================
Received Import Request.
  Time since last request: 0.000012 seconds.
  path: Assets/Samples/XR Hands/1.5.1/Gestures/Examples/Hand Poses/Shaka.asset
  artifactKey: Guid(3a3a0d45621f98a4daebb7304139c969) Importer(2089858483,192608db42251d675da83286b1cce702)
Start importing Assets/Samples/XR Hands/1.5.1/Gestures/Examples/Hand Poses/Shaka.asset using Guid(3a3a0d45621f98a4daebb7304139c969) Importer(2089858483,192608db42251d675da83286b1cce702) (ScriptedImporter) -> (artifact id: '4a5bf4bea1315a7a5023bcddc2610a74') in 0.0214484 seconds
Number of updated asset objects reloaded before import = 0Number of asset objects unloaded after import = 2

========================================================================
Received Import Request.
  Time since last request: 0.000015 seconds.
  path: Assets/Samples/XR Hands/1.5.1/Gestures/Debug Tools/Sprites/BaseCurl_Icon.png
  artifactKey: Guid(54f9401ae7792314d88167de74e06ff0) Importer(2089858483,192608db42251d675da83286b1cce702)
Start importing Assets/Samples/XR Hands/1.5.1/Gestures/Debug Tools/Sprites/BaseCurl_Icon.png using Guid(54f9401ae7792314d88167de74e06ff0) Importer(2089858483,192608db42251d675da83286b1cce702) (ScriptedImporter) -> (artifact id: 'c084e1ae537da9658ae852af89818bbf') in 0.0189006 seconds
Number of updated asset objects reloaded before import = 0Number of asset objects unloaded after import = 3

========================================================================
Received Import Request.
  Time since last request: 0.000017 seconds.
  path: Assets/Samples/XR Hands/1.5.1/Gestures/Debug Tools/Prefabs/State UI.prefab
  artifactKey: Guid(da9ef3d89b30c8e4b97599d266bcc4ba) Importer(2089858483,192608db42251d675da83286b1cce702)
Start importing Assets/Samples/XR Hands/1.5.1/Gestures/Debug Tools/Prefabs/State UI.prefab using Guid(da9ef3d89b30c8e4b97599d266bcc4ba) Importer(2089858483,192608db42251d675da83286b1cce702) (ScriptedImporter) -> (artifact id: '738ff4d07aea5089f4b60d4309a4b3de') in 0.0584759 seconds
Number of updated asset objects reloaded before import = 0Number of asset objects unloaded after import = 67

========================================================================
Received Import Request.
  Time since last request: 0.000024 seconds.
  path: Assets/Import/3D Gamekit - Environment Pack/Environment/Vegetation/Large/Textures/VegetationLarge01_Normals.tif
  artifactKey: Guid(c315734b43305784cb89be8b49e1ec5b) Importer(2089858483,192608db42251d675da83286b1cce702)
Start importing Assets/Import/3D Gamekit - Environment Pack/Environment/Vegetation/Large/Textures/VegetationLarge01_Normals.tif using Guid(c315734b43305784cb89be8b49e1ec5b) Importer(2089858483,192608db42251d675da83286b1cce702) (ScriptedImporter) -> (artifact id: '8f21117c3c9620511880fe73b0902a61') in 0.0193771 seconds
Number of updated asset objects reloaded before import = 0Number of asset objects unloaded after import = 1

========================================================================
Received Import Request.
  Time since last request: 0.000013 seconds.
  path: Assets/Samples/XR Interaction Toolkit/3.2.1/Starter Assets/Presets/XRI Default Left Controller InputActionManager.preset
  artifactKey: Guid(c3d4ecc12d5e0f14c93fd734af32ab63) Importer(2089858483,192608db42251d675da83286b1cce702)
Start importing Assets/Samples/XR Interaction Toolkit/3.2.1/Starter Assets/Presets/XRI Default Left Controller InputActionManager.preset using Guid(c3d4ecc12d5e0f14c93fd734af32ab63) Importer(2089858483,192608db42251d675da83286b1cce702) (ScriptedImporter) -> (artifact id: 'a2101842047eaf692b60a31288044fea') in 0.0258418 seconds
Number of updated asset objects reloaded before import = 0Number of asset objects unloaded after import = 8

========================================================================
Received Import Request.
  Time since last request: 0.000030 seconds.
  path: Assets/Samples/XR Interaction Toolkit/3.0.8/Hands Interaction Demo/HandsDemoSceneAssets/Affordances/Scale.asset
  artifactKey: Guid(6c5f857510aad3f4c8df41fd90e934a5) Importer(2089858483,192608db42251d675da83286b1cce702)
Start importing Assets/Samples/XR Interaction Toolkit/3.0.8/Hands Interaction Demo/HandsDemoSceneAssets/Affordances/Scale.asset using Guid(6c5f857510aad3f4c8df41fd90e934a5) Importer(2089858483,192608db42251d675da83286b1cce702) (ScriptedImporter) -> (artifact id: '06e2e6ecefb54cc870bf027e2ca57b08') in 0.0245724 seconds
Number of updated asset objects reloaded before import = 0Number of asset objects unloaded after import = 1

========================================================================
Received Import Request.
  Time since last request: 0.000016 seconds.
  path: Assets/Samples/XR Interaction Toolkit/3.0.8/Hands Interaction Demo/HandsDemoSceneAssets/Prefabs/Arrow.prefab
  artifactKey: Guid(d56cf1aacbea4704cac4d7983df1a0ad) Importer(2089858483,192608db42251d675da83286b1cce702)
Start importing Assets/Samples/XR Interaction Toolkit/3.0.8/Hands Interaction Demo/HandsDemoSceneAssets/Prefabs/Arrow.prefab using Guid(d56cf1aacbea4704cac4d7983df1a0ad) Importer(2089858483,192608db42251d675da83286b1cce702) (ScriptedImporter) -> (artifact id: 'aa6ce244135cc269525ba146569cab04') in 0.0870547 seconds
Number of updated asset objects reloaded before import = 0Number of asset objects unloaded after import = 34

========================================================================
Received Import Request.
  Time since last request: 0.000017 seconds.
  path: Assets/Samples/XR Interaction Toolkit/3.0.8/Hands Interaction Demo/HandsDemoSceneAssets/Materials/ChessPiece.mat
  artifactKey: Guid(40808a1b89c64184e9466aaec1fd1ac1) Importer(2089858483,192608db42251d675da83286b1cce702)
Start importing Assets/Samples/XR Interaction Toolkit/3.0.8/Hands Interaction Demo/HandsDemoSceneAssets/Materials/ChessPiece.mat using Guid(40808a1b89c64184e9466aaec1fd1ac1) Importer(2089858483,192608db42251d675da83286b1cce702) (ScriptedImporter) -> (artifact id: '10a7ce74cebfe420c1d4186be7758506') in 0.0138747 seconds
Number of updated asset objects reloaded before import = 0Number of asset objects unloaded after import = 1

========================================================================
Received Import Request.
  Time since last request: 0.000021 seconds.
  path: Assets/Samples/XR Interaction Toolkit/3.0.8/Hands Interaction Demo/HandsDemoSceneAssets/Prefabs/Cylinder.prefab
  artifactKey: Guid(531d9182cdbe93948a57bd87a1e47fdf) Importer(2089858483,192608db42251d675da83286b1cce702)
Start importing Assets/Samples/XR Interaction Toolkit/3.0.8/Hands Interaction Demo/HandsDemoSceneAssets/Prefabs/Cylinder.prefab using Guid(531d9182cdbe93948a57bd87a1e47fdf) Importer(2089858483,192608db42251d675da83286b1cce702) (ScriptedImporter) -> (artifact id: '8b0181492d29d660502f435922fa015a') in 0.0427183 seconds
Number of updated asset objects reloaded before import = 0Number of asset objects unloaded after import = 23

========================================================================
Received Import Request.
  Time since last request: 0.000015 seconds.
  path: Assets/Samples/XR Interaction Toolkit/3.0.8/Hands Interaction Demo/HandsDemoSceneAssets/Prefabs/Cube.prefab
  artifactKey: Guid(f5afcb7f49afad5419049090809f5cc7) Importer(2089858483,192608db42251d675da83286b1cce702)
Start importing Assets/Samples/XR Interaction Toolkit/3.0.8/Hands Interaction Demo/HandsDemoSceneAssets/Prefabs/Cube.prefab using Guid(f5afcb7f49afad5419049090809f5cc7) Importer(2089858483,192608db42251d675da83286b1cce702) (ScriptedImporter) -> (artifact id: '757e88180b1d92ac476d9ec9aef27029') in 0.047987 seconds
Number of updated asset objects reloaded before import = 0Number of asset objects unloaded after import = 23

========================================================================
Received Import Request.
  Time since last request: 0.000014 seconds.
  path: Assets/Samples/XR Interaction Toolkit/3.0.8/Hands Interaction Demo/HandsDemoSceneAssets/Scripts/PokeBlendShapeAnimator.cs
  artifactKey: Guid(78373ff495dc8234887e0cbdc7140022) Importer(2089858483,192608db42251d675da83286b1cce702)
Start importing Assets/Samples/XR Interaction Toolkit/3.0.8/Hands Interaction Demo/HandsDemoSceneAssets/Scripts/PokeBlendShapeAnimator.cs using Guid(78373ff495dc8234887e0cbdc7140022) Importer(2089858483,192608db42251d675da83286b1cce702) (ScriptedImporter) -> (artifact id: '222a3c33c289826f97e0dfa05dcd25d4') in 0.0130946 seconds
Number of updated asset objects reloaded before import = 0Number of asset objects unloaded after import = 0

========================================================================
Received Import Request.
  Time since last request: 0.000022 seconds.
  path: Assets/Samples/XR Interaction Toolkit/3.2.1/Starter Assets/DemoSceneAssets/Models/Primitive_Pyramid.fbx
  artifactKey: Guid(63e02ddb08ce42da868504e1333d48ae) Importer(2089858483,192608db42251d675da83286b1cce702)
Start importing Assets/Samples/XR Interaction Toolkit/3.2.1/Starter Assets/DemoSceneAssets/Models/Primitive_Pyramid.fbx using Guid(63e02ddb08ce42da868504e1333d48ae) Importer(2089858483,192608db42251d675da83286b1cce702) (ScriptedImporter) -> (artifact id: '4bd8c68df53cbd11c68c414f01958e61') in 0.027559 seconds
Number of updated asset objects reloaded before import = 0Number of asset objects unloaded after import = 9

========================================================================
Received Import Request.
  Time since last request: 0.000029 seconds.
  path: Assets/Samples/XR Interaction Toolkit/3.0.8/Hands Interaction Demo/Shaders/Subgraphs/FadeFromCenter.shadersubgraph
  artifactKey: Guid(42ba907d16ca12e4ea44090883108545) Importer(2089858483,192608db42251d675da83286b1cce702)
Start importing Assets/Samples/XR Interaction Toolkit/3.0.8/Hands Interaction Demo/Shaders/Subgraphs/FadeFromCenter.shadersubgraph using Guid(42ba907d16ca12e4ea44090883108545) Importer(2089858483,192608db42251d675da83286b1cce702) (ScriptedImporter) -> (artifact id: 'c90e63293d8a29b5fc639b3642a00f79') in 0.0190136 seconds
Number of updated asset objects reloaded before import = 0Number of asset objects unloaded after import = 1

========================================================================
Received Import Request.
  Time since last request: 0.000013 seconds.
  path: Assets/Samples/XR Interaction Toolkit/3.0.8/Hands Interaction Demo/Shaders/Subgraphs/OneFingerHighlight.shadersubgraph
  artifactKey: Guid(b8fd0258d5743d74290d71cbca4d556b) Importer(2089858483,192608db42251d675da83286b1cce702)
Start importing Assets/Samples/XR Interaction Toolkit/3.0.8/Hands Interaction Demo/Shaders/Subgraphs/OneFingerHighlight.shadersubgraph using Guid(b8fd0258d5743d74290d71cbca4d556b) Importer(2089858483,192608db42251d675da83286b1cce702) (ScriptedImporter) -> (artifact id: 'cbb6513827432ef1e7457c4abae33fad') in 0.0234986 seconds
Number of updated asset objects reloaded before import = 0Number of asset objects unloaded after import = 1

========================================================================
Received Import Request.
  Time since last request: 0.000013 seconds.
  path: Assets/Samples/XR Interaction Toolkit/3.2.1/Starter Assets/DemoSceneAssets/Models/Primitive_Torus.fbx
  artifactKey: Guid(f077c919501a44778a0c2edb6eb1a54a) Importer(2089858483,192608db42251d675da83286b1cce702)
Start importing Assets/Samples/XR Interaction Toolkit/3.2.1/Starter Assets/DemoSceneAssets/Models/Primitive_Torus.fbx using Guid(f077c919501a44778a0c2edb6eb1a54a) Importer(2089858483,192608db42251d675da83286b1cce702) (ScriptedImporter) -> (artifact id: 'a47fbc6a4d72baf1aab2a28e3229ca7c') in 0.0205094 seconds
Number of updated asset objects reloaded before import = 0Number of asset objects unloaded after import = 9

========================================================================
Received Import Request.
  Time since last request: 0.000014 seconds.
  path: Assets/Samples/XR Interaction Toolkit/3.2.1/Starter Assets/DemoSceneAssets/Prefabs/Gaze Interactables.prefab
  artifactKey: Guid(e05cd47ab8981f64badd3bfe29af8f4e) Importer(2089858483,192608db42251d675da83286b1cce702)
Start importing Assets/Samples/XR Interaction Toolkit/3.2.1/Starter Assets/DemoSceneAssets/Prefabs/Gaze Interactables.prefab using Guid(e05cd47ab8981f64badd3bfe29af8f4e) Importer(2089858483,192608db42251d675da83286b1cce702) (ScriptedImporter) -> (artifact id: '53026d24d50364238af295d9e116fb23') in 0.0400567 seconds
Number of updated asset objects reloaded before import = 0Number of asset objects unloaded after import = 41

========================================================================
Received Import Request.
  Time since last request: 0.000016 seconds.
  path: Assets/Samples/XR Interaction Toolkit/3.0.8/Hands Interaction Demo/Shaders/Subgraphs/AllFingerHighlights.shadersubgraph
  artifactKey: Guid(31b878b1ba6f0f548bacb4ee6ae992e9) Importer(2089858483,192608db42251d675da83286b1cce702)
Start importing Assets/Samples/XR Interaction Toolkit/3.0.8/Hands Interaction Demo/Shaders/Subgraphs/AllFingerHighlights.shadersubgraph using Guid(31b878b1ba6f0f548bacb4ee6ae992e9) Importer(2089858483,192608db42251d675da83286b1cce702) (ScriptedImporter) -> (artifact id: '9c7190f625091dce9289e864e99c970f') in 0.014729 seconds
Number of updated asset objects reloaded before import = 0Number of asset objects unloaded after import = 1

========================================================================
Received Import Request.
  Time since last request: 0.000024 seconds.
  path: Assets/Samples/XR Interaction Toolkit/3.2.1/Starter Assets/DemoSceneAssets/AffordanceThemes/InteractionColor.asset
  artifactKey: Guid(3ec238cb3e80e274c844d7b56f585392) Importer(2089858483,192608db42251d675da83286b1cce702)
Start importing Assets/Samples/XR Interaction Toolkit/3.2.1/Starter Assets/DemoSceneAssets/AffordanceThemes/InteractionColor.asset using Guid(3ec238cb3e80e274c844d7b56f585392) Importer(2089858483,192608db42251d675da83286b1cce702) (ScriptedImporter) -> (artifact id: '1bf23809b23788c710dfc118290dded4') in 0.0125221 seconds
Number of updated asset objects reloaded before import = 0Number of asset objects unloaded after import = 1

========================================================================
Received Import Request.
  Time since last request: 0.000016 seconds.
  path: Assets/Import/Stylized Environnement - Free Pack/Textures/terrain_ground/stylized_medium_pebbles_ground_roughness.png
  artifactKey: Guid(a23a4254720f941eab02c3876f9c2f4f) Importer(2089858483,192608db42251d675da83286b1cce702)
Start importing Assets/Import/Stylized Environnement - Free Pack/Textures/terrain_ground/stylized_medium_pebbles_ground_roughness.png using Guid(a23a4254720f941eab02c3876f9c2f4f) Importer(2089858483,192608db42251d675da83286b1cce702) (ScriptedImporter) -> (artifact id: '232b2d7ce2374a31a2ce74007192ae46') in 0.0177862 seconds
Number of updated asset objects reloaded before import = 0Number of asset objects unloaded after import = 1

========================================================================
Received Import Request.
  Time since last request: 0.000012 seconds.
  path: Assets/Samples/XR Interaction Toolkit/3.2.1/Starter Assets/Prefabs/Teleport/Directional Teleport Reticle.prefab
  artifactKey: Guid(893219773891c784ab469a39151879b4) Importer(2089858483,192608db42251d675da83286b1cce702)
Start importing Assets/Samples/XR Interaction Toolkit/3.2.1/Starter Assets/Prefabs/Teleport/Directional Teleport Reticle.prefab using Guid(893219773891c784ab469a39151879b4) Importer(2089858483,192608db42251d675da83286b1cce702) (ScriptedImporter) -> (artifact id: '433955015c38ec62f708afb2dcd75daf') in 0.0228157 seconds
Number of updated asset objects reloaded before import = 0Number of asset objects unloaded after import = 13

========================================================================
Received Import Request.
  Time since last request: 0.000015 seconds.
  path: Assets/Samples/XR Interaction Toolkit/3.2.1/Starter Assets/Prefabs/Interactors/Ray Interactor.prefab
  artifactKey: Guid(ad818c36731146e994540a1896ad8f24) Importer(2089858483,192608db42251d675da83286b1cce702)
Start importing Assets/Samples/XR Interaction Toolkit/3.2.1/Starter Assets/Prefabs/Interactors/Ray Interactor.prefab using Guid(ad818c36731146e994540a1896ad8f24) Importer(2089858483,192608db42251d675da83286b1cce702) (ScriptedImporter) -> (artifact id: 'b1bb4057f22a03510b6c95741bde8d2c') in 0.2703925 seconds
Number of updated asset objects reloaded before import = 0Number of asset objects unloaded after import = 10

========================================================================
Received Import Request.
  Time since last request: 0.000014 seconds.
  path: Assets/Samples/XR Interaction Toolkit/3.2.1/Starter Assets/DemoSceneAssets/Sprites/Asset.png
  artifactKey: Guid(17d565bb4a7744b41b7e4dc7e3a09e35) Importer(2089858483,192608db42251d675da83286b1cce702)
Start importing Assets/Samples/XR Interaction Toolkit/3.2.1/Starter Assets/DemoSceneAssets/Sprites/Asset.png using Guid(17d565bb4a7744b41b7e4dc7e3a09e35) Importer(2089858483,192608db42251d675da83286b1cce702) (ScriptedImporter) -> (artifact id: '7cb840ed658781610fca7cb6c460ef4c') in 0.0217708 seconds
Number of updated asset objects reloaded before import = 0Number of asset objects unloaded after import = 3

========================================================================
Received Import Request.
  Time since last request: 0.000022 seconds.
  path: Assets/Samples/XR Hands/1.5.1/Gestures/Debug Tools/Sprites/FingerStateUI/Finger_State_UI_Background_Wide.png
  artifactKey: Guid(d9c85dc0fd744db40937a2550d789aa8) Importer(2089858483,192608db42251d675da83286b1cce702)
Start importing Assets/Samples/XR Hands/1.5.1/Gestures/Debug Tools/Sprites/FingerStateUI/Finger_State_UI_Background_Wide.png using Guid(d9c85dc0fd744db40937a2550d789aa8) Importer(2089858483,192608db42251d675da83286b1cce702) (ScriptedImporter) -> (artifact id: 'a4c4fbb51ab3dbeca84fbc6ff3208d50') in 0.0204484 seconds
Number of updated asset objects reloaded before import = 0Number of asset objects unloaded after import = 3

========================================================================
Received Import Request.
  Time since last request: 0.000011 seconds.
  path: Assets/Samples/XR Hands/1.5.1/Gestures/Debug Tools/Sprites/Gesture Icons/Shaka_R_Icon.png
  artifactKey: Guid(3c20a0aeea3a167498f6ca0824c69847) Importer(2089858483,192608db42251d675da83286b1cce702)
Start importing Assets/Samples/XR Hands/1.5.1/Gestures/Debug Tools/Sprites/Gesture Icons/Shaka_R_Icon.png using Guid(3c20a0aeea3a167498f6ca0824c69847) Importer(2089858483,192608db42251d675da83286b1cce702) (ScriptedImporter) -> (artifact id: '52a1dee5c339e48699dbac838bfcb901') in 0.023937 seconds
Number of updated asset objects reloaded before import = 0Number of asset objects unloaded after import = 3

========================================================================
Received Import Request.
  Time since last request: 0.000020 seconds.
  path: Assets/Samples/XR Hands/1.5.1/Gestures/Debug Tools/Sprites/Gesture Icons/Point here_L_Icon.png
  artifactKey: Guid(92fbc207a3731564caa6b892138d6f18) Importer(2089858483,192608db42251d675da83286b1cce702)
Start importing Assets/Samples/XR Hands/1.5.1/Gestures/Debug Tools/Sprites/Gesture Icons/Point here_L_Icon.png using Guid(92fbc207a3731564caa6b892138d6f18) Importer(2089858483,192608db42251d675da83286b1cce702) (ScriptedImporter) -> (artifact id: '21d6f7439b47cc78c67a437e5ee8aac9') in 0.0204961 seconds
Number of updated asset objects reloaded before import = 0Number of asset objects unloaded after import = 3

========================================================================
Received Import Request.
  Time since last request: 0.000013 seconds.
  path: Assets/Samples/XR Interaction Toolkit/3.0.8/Hands Interaction Demo/HandsDemoSceneAssets/Models/Primitives/Cylinder.fbx
  artifactKey: Guid(bf65382e5e6d14e7f8140e4204ce07e2) Importer(2089858483,192608db42251d675da83286b1cce702)
Start importing Assets/Samples/XR Interaction Toolkit/3.0.8/Hands Interaction Demo/HandsDemoSceneAssets/Models/Primitives/Cylinder.fbx using Guid(bf65382e5e6d14e7f8140e4204ce07e2) Importer(2089858483,192608db42251d675da83286b1cce702) (ScriptedImporter) -> (artifact id: '8e024f951457bd97c3138c7be5f8bb2a') in 0.0202817 seconds
Number of updated asset objects reloaded before import = 0Number of asset objects unloaded after import = 8

========================================================================
Received Import Request.
  Time since last request: 0.000015 seconds.
  path: Assets/Samples/XR Interaction Toolkit/3.2.1/Starter Assets/DemoSceneAssets/Prefabs/Climb/Ladder.prefab
  artifactKey: Guid(b3830b3b2f190ee46a9c88433e985221) Importer(2089858483,192608db42251d675da83286b1cce702)
Start importing Assets/Samples/XR Interaction Toolkit/3.2.1/Starter Assets/DemoSceneAssets/Prefabs/Climb/Ladder.prefab using Guid(b3830b3b2f190ee46a9c88433e985221) Importer(2089858483,192608db42251d675da83286b1cce702) (ScriptedImporter) -> (artifact id: 'fc952fbd89814bdd346f2dc3a6089081') in 0.0397145 seconds
Number of updated asset objects reloaded before import = 0Number of asset objects unloaded after import = 141

========================================================================
Received Import Request.
  Time since last request: 0.000021 seconds.
  path: Assets/Samples/XR Interaction Toolkit/3.2.1/Starter Assets/DemoSceneAssets/Sprites/Forward.png
  artifactKey: Guid(f8ecc54972abacc46a93f671b0602139) Importer(2089858483,192608db42251d675da83286b1cce702)
Start importing Assets/Samples/XR Interaction Toolkit/3.2.1/Starter Assets/DemoSceneAssets/Sprites/Forward.png using Guid(f8ecc54972abacc46a93f671b0602139) Importer(2089858483,192608db42251d675da83286b1cce702) (ScriptedImporter) -> (artifact id: '88e8ee32daec00d3005184dd6bdd57eb') in 0.0322187 seconds
Number of updated asset objects reloaded before import = 0Number of asset objects unloaded after import = 3

========================================================================
Received Import Request.
  Time since last request: 0.000014 seconds.
  path: Assets/Samples/XR Hands/1.5.1/Gestures/Debug Tools/Sprites/Gesture Icons/Palm up_R_Icon.png
  artifactKey: Guid(b3c57adc27467054bb5fa9e2665fee84) Importer(2089858483,192608db42251d675da83286b1cce702)
Start importing Assets/Samples/XR Hands/1.5.1/Gestures/Debug Tools/Sprites/Gesture Icons/Palm up_R_Icon.png using Guid(b3c57adc27467054bb5fa9e2665fee84) Importer(2089858483,192608db42251d675da83286b1cce702) (ScriptedImporter) -> (artifact id: '463ac14d2ccffdfd318c930278c5db3b') in 0.026432 seconds
Number of updated asset objects reloaded before import = 0Number of asset objects unloaded after import = 3

========================================================================
Received Import Request.
  Time since last request: 0.000012 seconds.
  path: Assets/Decor/alien nature/source/Polygonal Alien Cave Nature Asset Package/Materials/ground_1_diffuse.mat
  artifactKey: Guid(a2c9458118c789e4d98bf0317c6ea41e) Importer(2089858483,192608db42251d675da83286b1cce702)
Start importing Assets/Decor/alien nature/source/Polygonal Alien Cave Nature Asset Package/Materials/ground_1_diffuse.mat using Guid(a2c9458118c789e4d98bf0317c6ea41e) Importer(2089858483,192608db42251d675da83286b1cce702) (ScriptedImporter) -> (artifact id: '061990ce5da2884f1bcdf3b29006e7bf') in 0.0232084 seconds
Number of updated asset objects reloaded before import = 0Number of asset objects unloaded after import = 2

========================================================================
Received Import Request.
  Time since last request: 0.000013 seconds.
  path: Assets/Material/Materials/arbre/pourTexture_arbre1_Metallic.png
  artifactKey: Guid(a96d64ce87e1ea745b7b88a84dc2548f) Importer(2089858483,192608db42251d675da83286b1cce702)
Start importing Assets/Material/Materials/arbre/pourTexture_arbre1_Metallic.png using Guid(a96d64ce87e1ea745b7b88a84dc2548f) Importer(2089858483,192608db42251d675da83286b1cce702) (ScriptedImporter) -> (artifact id: '7a508f42004edbd7f595c5aab9b4c535') in 0.0250043 seconds
Number of updated asset objects reloaded before import = 0Number of asset objects unloaded after import = 1

========================================================================
Received Import Request.
  Time since last request: 0.000016 seconds.
  path: Assets/Samples/XR Interaction Toolkit/3.2.1/Starter Assets/DemoSceneAssets/Prefabs/Teleport/Snap Teleport Anchor.prefab
  artifactKey: Guid(037ba65d346be2a48ad006b9a9a3873e) Importer(2089858483,192608db42251d675da83286b1cce702)
Start importing Assets/Samples/XR Interaction Toolkit/3.2.1/Starter Assets/DemoSceneAssets/Prefabs/Teleport/Snap Teleport Anchor.prefab using Guid(037ba65d346be2a48ad006b9a9a3873e) Importer(2089858483,192608db42251d675da83286b1cce702) (ScriptedImporter) -> (artifact id: 'f1ba4b14fa49a4ec52c0eecb414bb203') in 0.0543559 seconds
Number of updated asset objects reloaded before import = 0Number of asset objects unloaded after import = 37

========================================================================
Received Import Request.
  Time since last request: 0.000026 seconds.
  path: Assets/Samples/XR Interaction Toolkit/3.2.1/Starter Assets/DemoSceneAssets/Prefabs/UI/Icon Toggle.prefab
  artifactKey: Guid(541ed11e270c6994ca5910042c7e04da) Importer(2089858483,192608db42251d675da83286b1cce702)
Start importing Assets/Samples/XR Interaction Toolkit/3.2.1/Starter Assets/DemoSceneAssets/Prefabs/UI/Icon Toggle.prefab using Guid(541ed11e270c6994ca5910042c7e04da) Importer(2089858483,192608db42251d675da83286b1cce702) (ScriptedImporter) -> (artifact id: '92970687703f2fc7c9f621fa487ba092') in 0.0764367 seconds
Number of updated asset objects reloaded before import = 0Number of asset objects unloaded after import = 21

========================================================================
Received Import Request.
  Time since last request: 0.000012 seconds.
  path: Assets/Samples/XR Interaction Toolkit/3.2.1/Starter Assets/DemoSceneAssets/Prefabs/Interactables/Push Button.prefab
  artifactKey: Guid(76f3439a0ae796e4b81bee3f91f888ee) Importer(2089858483,192608db42251d675da83286b1cce702)
Start importing Assets/Samples/XR Interaction Toolkit/3.2.1/Starter Assets/DemoSceneAssets/Prefabs/Interactables/Push Button.prefab using Guid(76f3439a0ae796e4b81bee3f91f888ee) Importer(2089858483,192608db42251d675da83286b1cce702) (ScriptedImporter) -> (artifact id: 'a216252bd92667d2530ac2c0d99354ff') in 0.047498 seconds
Number of updated asset objects reloaded before import = 0Number of asset objects unloaded after import = 32

========================================================================
Received Import Request.
  Time since last request: 0.000016 seconds.
  path: Assets/Samples/XR Interaction Toolkit/3.2.1/Starter Assets/DemoSceneAssets/Prefabs/UI/Scroll UI Sample.prefab
  artifactKey: Guid(0cbc0856f0fb8d84a81be5dea463c369) Importer(2089858483,192608db42251d675da83286b1cce702)
Start importing Assets/Samples/XR Interaction Toolkit/3.2.1/Starter Assets/DemoSceneAssets/Prefabs/UI/Scroll UI Sample.prefab using Guid(0cbc0856f0fb8d84a81be5dea463c369) Importer(2089858483,192608db42251d675da83286b1cce702) (ScriptedImporter) -> (artifact id: 'f7e33da4d24fd28f39c39553c5d9b6e5') in 0.0413535 seconds
Number of updated asset objects reloaded before import = 0Number of asset objects unloaded after import = 72

========================================================================
Received Import Request.
  Time since last request: 0.000013 seconds.
  path: Assets/Samples/XR Interaction Toolkit/3.0.8/Hands Interaction Demo/AffordanceThemes/PinchPointColor.asset
  artifactKey: Guid(1468864c36cbf39428681b1f0d9ef149) Importer(2089858483,192608db42251d675da83286b1cce702)
Start importing Assets/Samples/XR Interaction Toolkit/3.0.8/Hands Interaction Demo/AffordanceThemes/PinchPointColor.asset using Guid(1468864c36cbf39428681b1f0d9ef149) Importer(2089858483,192608db42251d675da83286b1cce702) (ScriptedImporter) -> (artifact id: '2f14c12f4f9d71a68ae838791d303c65') in 0.0220051 seconds
Number of updated asset objects reloaded before import = 0Number of asset objects unloaded after import = 1

========================================================================
Received Import Request.
  Time since last request: 0.000016 seconds.
  path: Assets/Samples/XR Interaction Toolkit/3.0.8/Hands Interaction Demo/AffordanceThemes/PinchPointBlendShape.asset
  artifactKey: Guid(fbf5c74e21f572740881de5634f1ce9c) Importer(2089858483,192608db42251d675da83286b1cce702)
Start importing Assets/Samples/XR Interaction Toolkit/3.0.8/Hands Interaction Demo/AffordanceThemes/PinchPointBlendShape.asset using Guid(fbf5c74e21f572740881de5634f1ce9c) Importer(2089858483,192608db42251d675da83286b1cce702) (ScriptedImporter) -> (artifact id: '0c6d82e8e78bb8335f347c04f5ba32d3') in 0.0134258 seconds
Number of updated asset objects reloaded before import = 0Number of asset objects unloaded after import = 1

========================================================================
Received Import Request.
  Time since last request: 0.000013 seconds.
  path: Assets/Samples/XR Interaction Toolkit/3.0.8/Hands Interaction Demo/HandsDemoSceneAssets/Audio/ButtonHover.wav
  artifactKey: Guid(9a6d738025ed59f4fb946bb59c20e774) Importer(2089858483,192608db42251d675da83286b1cce702)
Start importing Assets/Samples/XR Interaction Toolkit/3.0.8/Hands Interaction Demo/HandsDemoSceneAssets/Audio/ButtonHover.wav using Guid(9a6d738025ed59f4fb946bb59c20e774) Importer(2089858483,192608db42251d675da83286b1cce702) (ScriptedImporter) -> (artifact id: 'c2bb1fc199f065a51d946d7ef65c9bb7') in 0.0332936 seconds
Number of updated asset objects reloaded before import = 0Number of asset objects unloaded after import = 1

========================================================================
Received Import Request.
  Time since last request: 0.000012 seconds.
  path: Assets/Import/Stylized Environnement - Free Pack/Textures/Rocks/rock_02_LP_textureSet_Roughness.png
  artifactKey: Guid(18943d0138c124cb48df20c110dbbe71) Importer(2089858483,192608db42251d675da83286b1cce702)
Start importing Assets/Import/Stylized Environnement - Free Pack/Textures/Rocks/rock_02_LP_textureSet_Roughness.png using Guid(18943d0138c124cb48df20c110dbbe71) Importer(2089858483,192608db42251d675da83286b1cce702) (ScriptedImporter) -> (artifact id: '8cd2fcde4056343e50f4ff35e583a415') in 0.0173549 seconds
Number of updated asset objects reloaded before import = 0Number of asset objects unloaded after import = 1

========================================================================
Received Import Request.
  Time since last request: 0.000012 seconds.
  path: Assets/Samples/XR Interaction Toolkit/3.0.8/Hands Interaction Demo/Shaders/Subgraphs/EdgeHighlight.shadersubgraph
  artifactKey: Guid(3167e2a6e0f4099428078b1f37bd6322) Importer(2089858483,192608db42251d675da83286b1cce702)
Start importing Assets/Samples/XR Interaction Toolkit/3.0.8/Hands Interaction Demo/Shaders/Subgraphs/EdgeHighlight.shadersubgraph using Guid(3167e2a6e0f4099428078b1f37bd6322) Importer(2089858483,192608db42251d675da83286b1cce702) (ScriptedImporter) -> (artifact id: 'fbe4f6f7ca4ef602d218fe4b7a3340e4') in 0.0140755 seconds
Number of updated asset objects reloaded before import = 0Number of asset objects unloaded after import = 1

========================================================================
Received Import Request.
  Time since last request: 0.000013 seconds.
  path: Assets/Samples/XR Hands/1.5.1/Gestures/Debug Tools/Scripts/XRSelectedHandShapeDebugUI.cs
  artifactKey: Guid(b0e6a9804f2b24f4c8dee885957dec41) Importer(2089858483,192608db42251d675da83286b1cce702)
Start importing Assets/Samples/XR Hands/1.5.1/Gestures/Debug Tools/Scripts/XRSelectedHandShapeDebugUI.cs using Guid(b0e6a9804f2b24f4c8dee885957dec41) Importer(2089858483,192608db42251d675da83286b1cce702) (ScriptedImporter) -> (artifact id: '864f806ea9f2970990deaf00a49bc58b') in 0.0163063 seconds
Number of updated asset objects reloaded before import = 0Number of asset objects unloaded after import = 0

========================================================================
Received Import Request.
  Time since last request: 0.000022 seconds.
  path: Assets/Samples/XR Interaction Toolkit/3.2.1/Starter Assets/Materials/Telport Anchor.mat
  artifactKey: Guid(fd3c5d8fce991e04f9c11109dde95b3b) Importer(2089858483,192608db42251d675da83286b1cce702)
Start importing Assets/Samples/XR Interaction Toolkit/3.2.1/Starter Assets/Materials/Telport Anchor.mat using Guid(fd3c5d8fce991e04f9c11109dde95b3b) Importer(2089858483,192608db42251d675da83286b1cce702) (ScriptedImporter) -> (artifact id: '5b9e9a8e454eeb9adf5f113c44d6a369') in 0.0134667 seconds
Number of updated asset objects reloaded before import = 0Number of asset objects unloaded after import = 2

========================================================================
Received Import Request.
  Time since last request: 0.000013 seconds.
  path: Assets/Samples/XR Hands/1.6.2/HandVisualizer/Models/LeftHandAndroidXR.fbx
  artifactKey: Guid(7eff605df5fc69141bad762b74fb9228) Importer(2089858483,192608db42251d675da83286b1cce702)
Start importing Assets/Samples/XR Hands/1.6.2/HandVisualizer/Models/LeftHandAndroidXR.fbx using Guid(7eff605df5fc69141bad762b74fb9228) Importer(2089858483,192608db42251d675da83286b1cce702) (ScriptedImporter) -> (artifact id: '7b8432ae038722ddd81289cc3b897069') in 0.0301829 seconds
Number of updated asset objects reloaded before import = 0Number of asset objects unloaded after import = 76

========================================================================
Received Import Request.
  Time since last request: 0.000015 seconds.
  path: Assets/Import/3D Gamekit - Environment Pack/Environment/Vegetation/Small/Prefabs/VegetationSmall01.prefab
  artifactKey: Guid(c062302fb598fa047bfc68b6f4b530c0) Importer(2089858483,192608db42251d675da83286b1cce702)
Start importing Assets/Import/3D Gamekit - Environment Pack/Environment/Vegetation/Small/Prefabs/VegetationSmall01.prefab using Guid(c062302fb598fa047bfc68b6f4b530c0) Importer(2089858483,192608db42251d675da83286b1cce702) (ScriptedImporter) -> (artifact id: 'd87cf0f908d0f115f20a6799a5e5eded') in 0.0303999 seconds
Number of updated asset objects reloaded before import = 0Number of asset objects unloaded after import = 20

========================================================================
Received Import Request.
  Time since last request: 0.000012 seconds.
  path: Assets/Samples/XR Hands/1.5.1/Gestures/Debug Tools/Scripts/XRFingerShapeDebugBar.cs
  artifactKey: Guid(514fee2870065054e83bffab01c6280b) Importer(2089858483,192608db42251d675da83286b1cce702)
Start importing Assets/Samples/XR Hands/1.5.1/Gestures/Debug Tools/Scripts/XRFingerShapeDebugBar.cs using Guid(514fee2870065054e83bffab01c6280b) Importer(2089858483,192608db42251d675da83286b1cce702) (ScriptedImporter) -> (artifact id: 'd5a3d4ef686c429558d00c92141cbcfd') in 0.0127002 seconds
Number of updated asset objects reloaded before import = 0Number of asset objects unloaded after import = 0

========================================================================
Received Import Request.
  Time since last request: 0.000015 seconds.
  path: Assets/Samples/XR Interaction Toolkit/3.2.1/Starter Assets/Models/BlinkVisual.fbx
  artifactKey: Guid(27b7629e54b332449bfa3a4065ffe17a) Importer(2089858483,192608db42251d675da83286b1cce702)
Start importing Assets/Samples/XR Interaction Toolkit/3.2.1/Starter Assets/Models/BlinkVisual.fbx using Guid(27b7629e54b332449bfa3a4065ffe17a) Importer(2089858483,192608db42251d675da83286b1cce702) (ScriptedImporter) -> (artifact id: 'ca22043f56a9b0c9ddfc2394080b281f') in 0.0183587 seconds
Number of updated asset objects reloaded before import = 0Number of asset objects unloaded after import = 8

========================================================================
Received Import Request.
  Time since last request: 0.000023 seconds.
  path: Assets/Samples/XR Interaction Toolkit/3.0.8/Hands Interaction Demo/HandsDemoSceneAssets/Affordances/BlendShapeValue.asset
  artifactKey: Guid(20eb8725b4dab864ea2bfa8ecbd4adff) Importer(2089858483,192608db42251d675da83286b1cce702)
Start importing Assets/Samples/XR Interaction Toolkit/3.0.8/Hands Interaction Demo/HandsDemoSceneAssets/Affordances/BlendShapeValue.asset using Guid(20eb8725b4dab864ea2bfa8ecbd4adff) Importer(2089858483,192608db42251d675da83286b1cce702) (ScriptedImporter) -> (artifact id: 'bab5ccf46f915fba389f8e1586f52d44') in 0.0220484 seconds
Number of updated asset objects reloaded before import = 0Number of asset objects unloaded after import = 1

========================================================================
Received Import Request.
  Time since last request: 0.000011 seconds.
  path: Assets/Samples/XR Interaction Toolkit/3.2.1/Starter Assets/AffordanceThemes/HighlightInteractionColor.asset
  artifactKey: Guid(8b0b5aede76faac438e02d2a468f4805) Importer(2089858483,192608db42251d675da83286b1cce702)
Start importing Assets/Samples/XR Interaction Toolkit/3.2.1/Starter Assets/AffordanceThemes/HighlightInteractionColor.asset using Guid(8b0b5aede76faac438e02d2a468f4805) Importer(2089858483,192608db42251d675da83286b1cce702) (ScriptedImporter) -> (artifact id: 'c73806e54fe948ff28f70f9ac89abeb4') in 0.0130827 seconds
Number of updated asset objects reloaded before import = 0Number of asset objects unloaded after import = 1

========================================================================
Received Import Request.
  Time since last request: 0.000012 seconds.
  path: Assets/Import/3D Gamekit - Environment Pack/Environment/Vegetation/Small/Materials/VegetationSmall01_Glowing.mat
  artifactKey: Guid(6b50833ee3cb96c459e29fd78fbee948) Importer(2089858483,192608db42251d675da83286b1cce702)
Start importing Assets/Import/3D Gamekit - Environment Pack/Environment/Vegetation/Small/Materials/VegetationSmall01_Glowing.mat using Guid(6b50833ee3cb96c459e29fd78fbee948) Importer(2089858483,192608db42251d675da83286b1cce702) (ScriptedImporter) -> (artifact id: '84c5d0969472cebc998bc2f2d246843a') in 0.0258642 seconds
Number of updated asset objects reloaded before import = 0Number of asset objects unloaded after import = 6

========================================================================
Received Import Request.
  Time since last request: 0.000013 seconds.
  path: Assets/Import/Stylized Environnement - Free Pack/Textures/Skybox/Day/back.png
  artifactKey: Guid(d292c0b3ddac04055b4691fbba43a0c1) Importer(2089858483,192608db42251d675da83286b1cce702)
Start importing Assets/Import/Stylized Environnement - Free Pack/Textures/Skybox/Day/back.png using Guid(d292c0b3ddac04055b4691fbba43a0c1) Importer(2089858483,192608db42251d675da83286b1cce702) (ScriptedImporter) -> (artifact id: '48c78fa27c5a6bbd660c34e9c98c9a9e') in 0.0176065 seconds
Number of updated asset objects reloaded before import = 0Number of asset objects unloaded after import = 1

========================================================================
Received Import Request.
  Time since last request: 0.000016 seconds.
  path: Assets/Samples/XR Hands/1.5.1/Gestures/Debug Tools/Sprites/Pinch_Icon.png
  artifactKey: Guid(7cc2595341bbfe44ab5fab724c7e348e) Importer(2089858483,192608db42251d675da83286b1cce702)
Start importing Assets/Samples/XR Hands/1.5.1/Gestures/Debug Tools/Sprites/Pinch_Icon.png using Guid(7cc2595341bbfe44ab5fab724c7e348e) Importer(2089858483,192608db42251d675da83286b1cce702) (ScriptedImporter) -> (artifact id: 'd710f29a72fa3d2297e87eafcc0ab0f7') in 0.0213898 seconds
Number of updated asset objects reloaded before import = 0Number of asset objects unloaded after import = 3

========================================================================
Received Import Request.
  Time since last request: 0.000020 seconds.
  path: Assets/Samples/XR Interaction Toolkit/3.2.1/Starter Assets/Models/UniversalController.fbx
  artifactKey: Guid(147ae308eec018b40a7b312ae58f44c7) Importer(2089858483,192608db42251d675da83286b1cce702)
Start importing Assets/Samples/XR Interaction Toolkit/3.2.1/Starter Assets/Models/UniversalController.fbx using Guid(147ae308eec018b40a7b312ae58f44c7) Importer(2089858483,192608db42251d675da83286b1cce702) (ScriptedImporter) -> (artifact id: 'e07d1e0f50e881ad7ca7365bc4cbf1e8') in 0.0271251 seconds
Number of updated asset objects reloaded before import = 0Number of asset objects unloaded after import = 51

========================================================================
Received Import Request.
  Time since last request: 0.000016 seconds.
  path: Assets/Import/3D Gamekit - Environment Pack/Environment/Vegetation/Large/Prefabs/VegetationLarge03_02.prefab
  artifactKey: Guid(9baaa9687d7865c48ac44d147f6d1dfd) Importer(2089858483,192608db42251d675da83286b1cce702)
Start importing Assets/Import/3D Gamekit - Environment Pack/Environment/Vegetation/Large/Prefabs/VegetationLarge03_02.prefab using Guid(9baaa9687d7865c48ac44d147f6d1dfd) Importer(2089858483,192608db42251d675da83286b1cce702) (ScriptedImporter) -> (artifact id: 'f74a92c913c637bb88cec16c2ef68a5d') in 0.0312814 seconds
Number of updated asset objects reloaded before import = 0Number of asset objects unloaded after import = 20

========================================================================
Received Import Request.
  Time since last request: 0.000013 seconds.
  path: Assets/Import/3D Gamekit - Environment Pack/Environment/Vegetation/Medium/Textures/VegetationMedium03_MetallicSmooth.tif
  artifactKey: Guid(97a3d24bf98f7644aaafc8ddf73be86d) Importer(2089858483,192608db42251d675da83286b1cce702)
Start importing Assets/Import/3D Gamekit - Environment Pack/Environment/Vegetation/Medium/Textures/VegetationMedium03_MetallicSmooth.tif using Guid(97a3d24bf98f7644aaafc8ddf73be86d) Importer(2089858483,192608db42251d675da83286b1cce702) (ScriptedImporter) -> (artifact id: 'c9781f5dcbbef42c6eaf4a0fcd4c8ef2') in 0.018426 seconds
Number of updated asset objects reloaded before import = 0Number of asset objects unloaded after import = 1

========================================================================
Received Import Request.
  Time since last request: 0.000011 seconds.
  path: Assets/Samples/XR Interaction Toolkit/3.2.1/Starter Assets/AffordanceThemes/PokeSphereInteraction.asset
  artifactKey: Guid(c2712227db89c5142adad58b143bf039) Importer(2089858483,192608db42251d675da83286b1cce702)
Start importing Assets/Samples/XR Interaction Toolkit/3.2.1/Starter Assets/AffordanceThemes/PokeSphereInteraction.asset using Guid(c2712227db89c5142adad58b143bf039) Importer(2089858483,192608db42251d675da83286b1cce702) (ScriptedImporter) -> (artifact id: '4481c016e86f2b327879b192d4130460') in 0.0131686 seconds
Number of updated asset objects reloaded before import = 0Number of asset objects unloaded after import = 1

========================================================================
Received Import Request.
  Time since last request: 0.000015 seconds.
  path: Assets/Decor/alien nature/source/Polygonal Alien Cave Nature Asset Package/Textures/ground_1_diffuse 1.png
  artifactKey: Guid(4ea29f75b2019cc4da90b18c5bf3a96e) Importer(2089858483,192608db42251d675da83286b1cce702)
Start importing Assets/Decor/alien nature/source/Polygonal Alien Cave Nature Asset Package/Textures/ground_1_diffuse 1.png using Guid(4ea29f75b2019cc4da90b18c5bf3a96e) Importer(2089858483,192608db42251d675da83286b1cce702) (ScriptedImporter) -> (artifact id: 'cba60f76994f192f675fb64fce8d33b3') in 0.0205297 seconds
Number of updated asset objects reloaded before import = 0Number of asset objects unloaded after import = 1

========================================================================
Received Import Request.
  Time since last request: 0.000025 seconds.
  path: Assets/Samples/XR Interaction Toolkit/3.0.8/Hands Interaction Demo/Prefabs/LeftHandInteractionVisual.prefab
  artifactKey: Guid(ffd656bf2a3ba3d41b1e4a94b81b7c85) Importer(2089858483,192608db42251d675da83286b1cce702)
Start importing Assets/Samples/XR Interaction Toolkit/3.0.8/Hands Interaction Demo/Prefabs/LeftHandInteractionVisual.prefab using Guid(ffd656bf2a3ba3d41b1e4a94b81b7c85) Importer(2089858483,192608db42251d675da83286b1cce702) (ScriptedImporter) -> (artifact id: '4993671616bdcf5fe5e15240307f7781') in 0.0408967 seconds
Number of updated asset objects reloaded before import = 0Number of asset objects unloaded after import = 79

========================================================================
Received Import Request.
  Time since last request: 0.000014 seconds.
  path: Assets/Samples/XR Hands/1.5.1/Gestures/Examples/Prefabs/One Hand Gesture Detection.prefab
  artifactKey: Guid(1e3ee4ae600696e40ad82498994cf7d1) Importer(2089858483,192608db42251d675da83286b1cce702)
Start importing Assets/Samples/XR Hands/1.5.1/Gestures/Examples/Prefabs/One Hand Gesture Detection.prefab using Guid(1e3ee4ae600696e40ad82498994cf7d1) Importer(2089858483,192608db42251d675da83286b1cce702) (ScriptedImporter) -> (artifact id: 'a3af8045579c37dfa8ffaa0cd7e911ca') in 0.0530426 seconds
Number of updated asset objects reloaded before import = 0Number of asset objects unloaded after import = 184

Editor requested this worker to shutdown with reason: Scaling down because of idle timeout
AssetImportWorker is now disconnected from the server
Process exiting
Exiting without the bug reporter. Application will terminate with return code 0