[Licensing::Module] Trying to connect to existing licensing client channel...
Built from '6000.2/staging' branch; Version is '6000.2.9f1 (e0c4e791ab71) revision 14730471'; Using compiler version '194234433'; Build Type 'Release'
[Licensing::IpcConnector] Successfully connected to: "LicenseClient-laure" at "2025-11-01T21:07:25.3360504Z"
OS: 'Windows 11  (10.0.26100) 64bit Core' Language: 'en' Physical Memory: 15596 MB
BatchMode: 1, IsHumanControllingUs: 0, StartBugReporterOnCrash: 0, Is64bit: 1
Date: 2025-11-01T21:07:25Z

COMMAND LINE ARGUMENTS:
C:\Program Files\Unity\Hub\Editor\6000.2.9f1\Editor\Unity.exe
-adb2
-batchMode
-noUpm
-name
AssetImportWorker6
-projectPath
C:/Users/laure/OneDrive/Bureau/doucebaleine/ecole/a25/xp/Mongeau_Final/jeu-minigame
-logFile
Logs/AssetImportWorker6.log
-srvPort
63861
-licensingIpc
LicenseClient-laure
-job-worker-count
7
-background-job-worker-count
8
-gc-helper-count
1
-name
AssetImport
Successfully changed project path to: C:/Users/laure/OneDrive/Bureau/doucebaleine/ecole/a25/xp/Mongeau_Final/jeu-minigame
C:/Users/laure/OneDrive/Bureau/doucebaleine/ecole/a25/xp/Mongeau_Final/jeu-minigame
[UnityMemory] Configuration Parameters - Can be set up in boot.config
    "memorysetup-allocator-temp-initial-block-size-main=262144"
    "memorysetup-allocator-temp-initial-block-size-worker=262144"
    "memorysetup-bucket-allocator-granularity=16"
    "memorysetup-bucket-allocator-bucket-count=8"
    "memorysetup-bucket-allocator-block-size=33554432"
    "memorysetup-bucket-allocator-block-count=8"
    "memorysetup-main-allocator-block-size=16777216"
    "memorysetup-thread-allocator-block-size=16777216"
    "memorysetup-gfx-main-allocator-block-size=16777216"
    "memorysetup-gfx-thread-allocator-block-size=16777216"
    "memorysetup-cache-allocator-block-size=4194304"
    "memorysetup-typetree-allocator-block-size=2097152"
    "memorysetup-profiler-bucket-allocator-granularity=16"
    "memorysetup-profiler-bucket-allocator-bucket-count=8"
    "memorysetup-profiler-bucket-allocator-block-size=33554432"
    "memorysetup-profiler-bucket-allocator-block-count=8"
    "memorysetup-profiler-allocator-block-size=16777216"
    "memorysetup-profiler-editor-allocator-block-size=1048576"
    "memorysetup-temp-allocator-size-main=16777216"
    "memorysetup-job-temp-allocator-block-size=2097152"
    "memorysetup-job-temp-allocator-block-size-background=1048576"
    "memorysetup-job-temp-allocator-reduction-small-platforms=262144"
    "memorysetup-temp-allocator-size-background-worker=32768"
    "memorysetup-temp-allocator-size-job-worker=262144"
    "memorysetup-temp-allocator-size-preload-manager=33554432"
    "memorysetup-temp-allocator-size-nav-mesh-worker=65536"
    "memorysetup-temp-allocator-size-audio-worker=65536"
    "memorysetup-temp-allocator-size-cloud-worker=32768"
    "memorysetup-temp-allocator-size-gi-baking-worker=262144"
    "memorysetup-temp-allocator-size-gi-baking-worker=262144"
    "memorysetup-temp-allocator-size-gi-baking-worker=262144"
    "memorysetup-temp-allocator-size-gi-baking-worker=262144"
    "memorysetup-temp-allocator-size-gi-baking-worker=262144"
    "memorysetup-temp-allocator-size-gfx=262144"
Player connection [27460]  Target information:

Player connection [27460]  * "[IP] 10.0.0.228 [Port] 0 [Flags] 2 [Guid] 3021823062 [EditorId] 3021823062 [Version] 1048832 [Id] WindowsEditor(7,méduse) [Debug] 1 [PackageName] WindowsEditor [ProjectName] Editor" 

Player connection [27460] Host joined multi-casting on [225.0.0.222:54997]...
Player connection [27460] Host joined alternative multi-casting on [225.0.0.222:34997]...
JobSystem: Creating JobQueue using job-worker-count value 7
Input System module state changed to: Initialized.
[Physics::Module] Initialized fallback backend.
[Physics::Module] Id: 0xdecafbad
[Licensing::Client] Code 10 while verifying Licensing Client signature (process Id: 17204, path: "C:/Program Files/Unity Hub/UnityLicensingClient_V1/Unity.Licensing.Client.exe")
[Licensing::Module] LicensingClient has failed validation; ignoring
[Licensing::Client] Handshaking with LicensingClient:
  Version:                 1.17.3+a4e98f1
  Session Id:              7f893649bed440168281b9509274ab43
  Correlation Id:          d6f316fbaabf9c1c0fc1605d40b8ac0f
  External correlation Id: 8762344878564427536
  Machine Id:              yT6/NuuTYJ7dZ8+G2NjmJQsO7f0=
[Licensing::Module] Successfully connected to LicensingClient on channel: "LicenseClient-laure" (connect: 0.00s, validation: 0.00s, handshake: 0.05s)
[Licensing::IpcConnector] Successfully connected to: "LicenseClient-laure-notifications" at "2025-11-01T21:07:25.3841326Z"
[Licensing::Module] Licensing Background thread has ended after 0.05s
Library Redirect Path: Library/
[Physics::Module] Selected backend.
[Physics::Module] Name: PhysX
[Physics::Module] Id: 0xf2b8ea05
[Physics::Module] SDK Version: 4.1.2
[Physics::Module] Integration Version: 1.0.0
[Physics::Module] Threading Mode: Multi-Threaded
Refreshing native plugins compatible for Editor in 30.34 ms, found 10 plugins.
Preloading 0 native plugins for Editor in 0.00 ms.
Initialize engine version: 6000.2.9f1 (e0c4e791ab71)
[Subsystems] Discovering subsystems at path C:/Program Files/Unity/Hub/Editor/6000.2.9f1/Editor/Data/Resources/UnitySubsystems
[Subsystems] Discovering subsystems at path C:/Users/laure/OneDrive/Bureau/doucebaleine/ecole/a25/xp/Mongeau_Final/jeu-minigame/Assets
GfxDevice: creating device client; kGfxThreadingModeNonThreaded
Direct3D:
    Version:  Direct3D 11.0 [level 11.1]
    Renderer: AMD Radeon RX 6700S (ID=0x73ef)
    Vendor:   ATI
    VRAM:     8146 MB
    Driver:   31.0.12024.2005
Initialize mono
Mono path[0] = 'C:/Program Files/Unity/Hub/Editor/6000.2.9f1/Editor/Data/Managed'
Mono path[1] = 'C:/Program Files/Unity/Hub/Editor/6000.2.9f1/Editor/Data/MonoBleedingEdge/lib/mono/unityjit-win32'
Mono config path = 'C:/Program Files/Unity/Hub/Editor/6000.2.9f1/Editor/Data/MonoBleedingEdge/etc'
Using monoOptions --debugger-agent=transport=dt_socket,embedding=1,server=y,suspend=n,address=127.0.0.1:56140
Begin MonoManager ReloadAssembly
Registering precompiled unity dll's ...
Register platform support module: C:/Program Files/Unity/Hub/Editor/6000.2.9f1/Editor/Data/PlaybackEngines/WindowsStandaloneSupport/UnityEditor.WindowsStandalone.Extensions.dll
[Licensing::Client] Successfully resolved entitlement details
[Licensing::Module] License group:
  Id: 3574117437464-UnityPersXXXX
  Product: Unity Personal
  Type: Assigned
  Expiration: Unlimited
Register platform support module: C:/Program Files/Unity/Hub/Editor/6000.2.9f1/Editor/Data/PlaybackEngines/AndroidPlayer/UnityEditor.Android.Extensions.dll
Registered in 0.006083 seconds.
- Loaded All Assemblies, in  0.406 seconds
Native extension for Android target not found
Android Extension - Scanning For ADB Devices 264 ms
Native extension for WindowsStandalone target not found
Mono: successfully reloaded assembly
- Finished resetting the current domain, in  0.704 seconds
Domain Reload Profiling: 1109ms
	BeginReloadAssembly (130ms)
		ExecutionOrderSort (0ms)
		DisableScriptedObjects (0ms)
		BackupInstance (0ms)
		ReleaseScriptingObjects (0ms)
		CreateAndSetChildDomain (1ms)
	RebuildCommonClasses (38ms)
	RebuildNativeTypeToScriptingClass (12ms)
	initialDomainReloadingComplete (56ms)
	LoadAllAssembliesAndSetupDomain (168ms)
		LoadAssemblies (127ms)
		RebuildTransferFunctionScriptingTraits (0ms)
		AnalyzeDomain (165ms)
			TypeCache.Refresh (163ms)
				TypeCache.ScanAssembly (151ms)
			BuildScriptInfoCaches (0ms)
			ResolveRequiredComponents (0ms)
	FinalizeReload (705ms)
		ReleaseScriptCaches (0ms)
		RebuildScriptCaches (0ms)
		SetupLoadedEditorAssemblies (653ms)
			LogAssemblyErrors (0ms)
			InitializePlatformSupportModulesInManaged (377ms)
			SetLoadedEditorAssemblies (4ms)
			BeforeProcessingInitializeOnLoad (71ms)
			ProcessInitializeOnLoadAttributes (136ms)
			ProcessInitializeOnLoadMethodAttributes (66ms)
			AfterProcessingInitializeOnLoad (0ms)
			EditorAssembliesLoaded (0ms)
		ExecutionOrderSort2 (0ms)
		AwakeInstancesAfterBackupRestoration (0ms)
========================================================================
Worker process is ready to serve import requests
Import Worker Mode flag is 0x00
Begin MonoManager ReloadAssembly
[Licensing::Client] Successfully resolved entitlement details
Symbol file LoadedFromMemory is not a mono symbol file
- Loaded All Assemblies, in  1.017 seconds
Refreshing native plugins compatible for Editor in 17.34 ms, found 10 plugins.
Native extension for Android target not found
Native extension for WindowsStandalone target not found
Package Manager log level set to [2]
[Package Manager] Failed to launch server process. Reason: Unity was launched with the -noUpm command-line argument
[Package Manager] Unable to send message (not connected to server process).
[Package Manager] Cannot connect to Unity Package Manager local server
[Package Manager] Failed to launch server process. Reason: Unity was launched with the -noUpm command-line argument
[Package Manager] Unable to send message (not connected to server process).
[Package Manager] Cannot connect to Unity Package Manager local server
Failed to get package versions: Cannot connect to Unity Package Manager local server
UnityEngine.Debug:ExtractStackTraceNoAlloc (byte*,int,string)
UnityEngine.StackTraceUtility:ExtractStackTrace ()
UnityEngine.DebugLogHandler:Internal_Log (UnityEngine.LogType,UnityEngine.LogOption,string,UnityEngine.Object)
UnityEngine.DebugLogHandler:LogFormat (UnityEngine.LogType,UnityEngine.Object,string,object[])
UnityEngine.Logger:Log (UnityEngine.LogType,object)
UnityEngine.Debug:LogWarning (object)
Unity.XR.CoreUtils.Editor.PackageVersionUtility:UpdatePackageVersions () (at ./Library/PackageCache/com.unity.xr.core-utils@f0450cbac8d6/Editor/ProjectValidation/PackageVersionUtility.cs:59)
Unity.XR.CoreUtils.Editor.PackageVersionUtility:GetPackageVersion (string) (at ./Library/PackageCache/com.unity.xr.core-utils@f0450cbac8d6/Editor/ProjectValidation/PackageVersionUtility.cs:77)
UnityEditor.XR.Interaction.Toolkit.Samples.Hands.Editor.HandsSampleProjectValidation:.cctor () (at Assets/Samples/XR Interaction Toolkit/3.0.8/Hands Interaction Demo/Editor/Scripts/HandsSampleProjectValidation.cs:34)
System.Reflection.RuntimeMethodInfo:Invoke (object,System.Reflection.BindingFlags,System.Reflection.Binder,object[],System.Globalization.CultureInfo)
System.Reflection.MethodBase:Invoke (object,object[])
UnityEditor.EditorAssemblies:ProcessInitializeOnLoadMethodAttributes ()

(Filename: ./Library/PackageCache/com.unity.xr.core-utils@f0450cbac8d6/Editor/ProjectValidation/PackageVersionUtility.cs Line: 59)

Mono: successfully reloaded assembly
[Package Manager] Failed to launch server process. Reason: Unity was launched with the -noUpm command-line argument
[Package Manager] Unable to send message (not connected to server process).
[Package Manager] Cannot connect to Unity Package Manager local server
[Package Manager] Failed to launch server process. Reason: Unity was launched with the -noUpm command-line argument
[Package Manager] Unable to send message (not connected to server process).
[Package Manager] Cannot connect to Unity Package Manager local server
- Finished resetting the current domain, in  1.176 seconds
Domain Reload Profiling: 2187ms
	BeginReloadAssembly (203ms)
		ExecutionOrderSort (0ms)
		DisableScriptedObjects (6ms)
		BackupInstance (0ms)
		ReleaseScriptingObjects (0ms)
		CreateAndSetChildDomain (39ms)
	RebuildCommonClasses (45ms)
	RebuildNativeTypeToScriptingClass (13ms)
	initialDomainReloadingComplete (49ms)
	LoadAllAssembliesAndSetupDomain (701ms)
		LoadAssemblies (445ms)
		RebuildTransferFunctionScriptingTraits (0ms)
		AnalyzeDomain (366ms)
			TypeCache.Refresh (249ms)
				TypeCache.ScanAssembly (228ms)
			BuildScriptInfoCaches (96ms)
			ResolveRequiredComponents (16ms)
	FinalizeReload (1177ms)
		ReleaseScriptCaches (0ms)
		RebuildScriptCaches (0ms)
		SetupLoadedEditorAssemblies (941ms)
			LogAssemblyErrors (0ms)
			InitializePlatformSupportModulesInManaged (10ms)
			SetLoadedEditorAssemblies (5ms)
			BeforeProcessingInitializeOnLoad (185ms)
			ProcessInitializeOnLoadAttributes (443ms)
			ProcessInitializeOnLoadMethodAttributes (290ms)
			AfterProcessingInitializeOnLoad (6ms)
			EditorAssembliesLoaded (1ms)
		ExecutionOrderSort2 (0ms)
		AwakeInstancesAfterBackupRestoration (7ms)
Launched and connected shader compiler UnityShaderCompiler.exe after 0.02 seconds
Refreshing native plugins compatible for Editor in 45.21 ms, found 10 plugins.
Preloading 0 native plugins for Editor in 0.00 ms.
Unloading 14 Unused Serialized files (Serialized files now loaded: 0)
Unloading 8351 unused Assets / (5.8 MB). Loaded Objects now: 9042.
Memory consumption went from 152.9 MB to 147.1 MB.
Total: 22.142200 ms (FindLiveObjects: 2.177100 ms CreateObjectMapping: 1.866500 ms MarkObjects: 13.872500 ms  DeleteObjects: 4.223500 ms)

========================================================================
Received Prepare
Refreshing native plugins compatible for Editor in 51.86 ms, found 10 plugins.
Preloading 0 native plugins for Editor in 0.00 ms.
Unloading 14 Unused Serialized files (Serialized files now loaded: 0)
Unloading 8250 unused Assets / (5.3 MB). Loaded Objects now: 9030.
Memory consumption went from 150.3 MB to 145.0 MB.
Total: 26.662500 ms (FindLiveObjects: 1.423800 ms CreateObjectMapping: 1.672600 ms MarkObjects: 18.151500 ms  DeleteObjects: 5.412700 ms)

Prepare: number of updated asset objects reloaded= 0
========================================================================
Received Prepare
Begin MonoManager ReloadAssembly
[Licensing::Client] Successfully resolved entitlement details
Symbol file LoadedFromMemory is not a mono symbol file
- Loaded All Assemblies, in  1.295 seconds
Refreshing native plugins compatible for Editor in 28.21 ms, found 10 plugins.
Native extension for Android target not found
Native extension for WindowsStandalone target not found
[Package Manager] Failed to launch server process. Reason: Unity was launched with the -noUpm command-line argument
[Package Manager] Unable to send message (not connected to server process).
[Package Manager] Cannot connect to Unity Package Manager local server
[Package Manager] Failed to launch server process. Reason: Unity was launched with the -noUpm command-line argument
[Package Manager] Unable to send message (not connected to server process).
[Package Manager] Cannot connect to Unity Package Manager local server
Failed to get package versions: Cannot connect to Unity Package Manager local server
UnityEngine.Debug:ExtractStackTraceNoAlloc (byte*,int,string)
UnityEngine.StackTraceUtility:ExtractStackTrace ()
UnityEngine.DebugLogHandler:Internal_Log (UnityEngine.LogType,UnityEngine.LogOption,string,UnityEngine.Object)
UnityEngine.DebugLogHandler:LogFormat (UnityEngine.LogType,UnityEngine.Object,string,object[])
UnityEngine.Logger:Log (UnityEngine.LogType,object)
UnityEngine.Debug:LogWarning (object)
Unity.XR.CoreUtils.Editor.PackageVersionUtility:UpdatePackageVersions () (at ./Library/PackageCache/com.unity.xr.core-utils@f0450cbac8d6/Editor/ProjectValidation/PackageVersionUtility.cs:59)
Unity.XR.CoreUtils.Editor.PackageVersionUtility:GetPackageVersion (string) (at ./Library/PackageCache/com.unity.xr.core-utils@f0450cbac8d6/Editor/ProjectValidation/PackageVersionUtility.cs:77)
UnityEditor.XR.Interaction.Toolkit.Samples.Hands.Editor.HandsSampleProjectValidation:.cctor () (at Assets/Samples/XR Interaction Toolkit/3.0.8/Hands Interaction Demo/Editor/Scripts/HandsSampleProjectValidation.cs:34)
System.Reflection.RuntimeMethodInfo:Invoke (object,System.Reflection.BindingFlags,System.Reflection.Binder,object[],System.Globalization.CultureInfo)
System.Reflection.MethodBase:Invoke (object,object[])
UnityEditor.EditorAssemblies:ProcessInitializeOnLoadMethodAttributes ()

(Filename: ./Library/PackageCache/com.unity.xr.core-utils@f0450cbac8d6/Editor/ProjectValidation/PackageVersionUtility.cs Line: 59)

Mono: successfully reloaded assembly
[Package Manager] Failed to launch server process. Reason: Unity was launched with the -noUpm command-line argument
[Package Manager] Unable to send message (not connected to server process).
[Package Manager] Cannot connect to Unity Package Manager local server
- Finished resetting the current domain, in  1.456 seconds
Domain Reload Profiling: 2748ms
	BeginReloadAssembly (278ms)
		ExecutionOrderSort (0ms)
		DisableScriptedObjects (11ms)
		BackupInstance (0ms)
		ReleaseScriptingObjects (0ms)
		CreateAndSetChildDomain (78ms)
	RebuildCommonClasses (60ms)
	RebuildNativeTypeToScriptingClass (22ms)
	initialDomainReloadingComplete (50ms)
	LoadAllAssembliesAndSetupDomain (881ms)
		LoadAssemblies (599ms)
		RebuildTransferFunctionScriptingTraits (0ms)
		AnalyzeDomain (399ms)
			TypeCache.Refresh (17ms)
				TypeCache.ScanAssembly (1ms)
			BuildScriptInfoCaches (357ms)
			ResolveRequiredComponents (21ms)
	FinalizeReload (1457ms)
		ReleaseScriptCaches (0ms)
		RebuildScriptCaches (0ms)
		SetupLoadedEditorAssemblies (1162ms)
			LogAssemblyErrors (0ms)
			InitializePlatformSupportModulesInManaged (16ms)
			SetLoadedEditorAssemblies (6ms)
			BeforeProcessingInitializeOnLoad (271ms)
			ProcessInitializeOnLoadAttributes (538ms)
			ProcessInitializeOnLoadMethodAttributes (324ms)
			AfterProcessingInitializeOnLoad (7ms)
			EditorAssembliesLoaded (1ms)
		ExecutionOrderSort2 (0ms)
		AwakeInstancesAfterBackupRestoration (17ms)
Refreshing native plugins compatible for Editor in 21.09 ms, found 10 plugins.
Preloading 0 native plugins for Editor in 0.00 ms.
Unloading 14 Unused Serialized files (Serialized files now loaded: 0)
Unloading 8347 unused Assets / (4.9 MB). Loaded Objects now: 9058.
Memory consumption went from 188.1 MB to 183.2 MB.
Total: 18.341500 ms (FindLiveObjects: 1.277600 ms CreateObjectMapping: 1.004100 ms MarkObjects: 12.514100 ms  DeleteObjects: 3.544300 ms)

Prepare: number of updated asset objects reloaded= 0
========================================================================
Received Prepare
Refreshing native plugins compatible for Editor in 21.26 ms, found 10 plugins.
Preloading 0 native plugins for Editor in 0.00 ms.
Unloading 14 Unused Serialized files (Serialized files now loaded: 0)
Unloading 8250 unused Assets / (4.1 MB). Loaded Objects now: 9046.
Memory consumption went from 157.6 MB to 153.5 MB.
Total: 15.980500 ms (FindLiveObjects: 1.371400 ms CreateObjectMapping: 1.170600 ms MarkObjects: 10.742500 ms  DeleteObjects: 2.694300 ms)

Prepare: number of updated asset objects reloaded= 0
========================================================================
Received Prepare
Begin MonoManager ReloadAssembly
[Licensing::Client] Successfully resolved entitlement details
Symbol file LoadedFromMemory is not a mono symbol file
- Loaded All Assemblies, in  1.168 seconds
Refreshing native plugins compatible for Editor in 19.55 ms, found 10 plugins.
Native extension for Android target not found
Native extension for WindowsStandalone target not found
[Package Manager] Failed to launch server process. Reason: Unity was launched with the -noUpm command-line argument
[Package Manager] Unable to send message (not connected to server process).
[Package Manager] Cannot connect to Unity Package Manager local server
[Package Manager] Failed to launch server process. Reason: Unity was launched with the -noUpm command-line argument
[Package Manager] Unable to send message (not connected to server process).
[Package Manager] Cannot connect to Unity Package Manager local server
Failed to get package versions: Cannot connect to Unity Package Manager local server
UnityEngine.Debug:ExtractStackTraceNoAlloc (byte*,int,string)
UnityEngine.StackTraceUtility:ExtractStackTrace ()
UnityEngine.DebugLogHandler:Internal_Log (UnityEngine.LogType,UnityEngine.LogOption,string,UnityEngine.Object)
UnityEngine.DebugLogHandler:LogFormat (UnityEngine.LogType,UnityEngine.Object,string,object[])
UnityEngine.Logger:Log (UnityEngine.LogType,object)
UnityEngine.Debug:LogWarning (object)
Unity.XR.CoreUtils.Editor.PackageVersionUtility:UpdatePackageVersions () (at ./Library/PackageCache/com.unity.xr.core-utils@f0450cbac8d6/Editor/ProjectValidation/PackageVersionUtility.cs:59)
Unity.XR.CoreUtils.Editor.PackageVersionUtility:GetPackageVersion (string) (at ./Library/PackageCache/com.unity.xr.core-utils@f0450cbac8d6/Editor/ProjectValidation/PackageVersionUtility.cs:77)
UnityEditor.XR.Interaction.Toolkit.Samples.Hands.Editor.HandsSampleProjectValidation:.cctor () (at Assets/Samples/XR Interaction Toolkit/3.0.8/Hands Interaction Demo/Editor/Scripts/HandsSampleProjectValidation.cs:34)
System.Reflection.RuntimeMethodInfo:Invoke (object,System.Reflection.BindingFlags,System.Reflection.Binder,object[],System.Globalization.CultureInfo)
System.Reflection.MethodBase:Invoke (object,object[])
UnityEditor.EditorAssemblies:ProcessInitializeOnLoadMethodAttributes ()

(Filename: ./Library/PackageCache/com.unity.xr.core-utils@f0450cbac8d6/Editor/ProjectValidation/PackageVersionUtility.cs Line: 59)

Mono: successfully reloaded assembly
[Package Manager] Failed to launch server process. Reason: Unity was launched with the -noUpm command-line argument
[Package Manager] Unable to send message (not connected to server process).
[Package Manager] Cannot connect to Unity Package Manager local server
- Finished resetting the current domain, in  1.217 seconds
Domain Reload Profiling: 2384ms
	BeginReloadAssembly (270ms)
		ExecutionOrderSort (0ms)
		DisableScriptedObjects (7ms)
		BackupInstance (0ms)
		ReleaseScriptingObjects (0ms)
		CreateAndSetChildDomain (79ms)
	RebuildCommonClasses (46ms)
	RebuildNativeTypeToScriptingClass (22ms)
	initialDomainReloadingComplete (39ms)
	LoadAllAssembliesAndSetupDomain (790ms)
		LoadAssemblies (550ms)
		RebuildTransferFunctionScriptingTraits (0ms)
		AnalyzeDomain (345ms)
			TypeCache.Refresh (17ms)
				TypeCache.ScanAssembly (1ms)
			BuildScriptInfoCaches (304ms)
			ResolveRequiredComponents (20ms)
	FinalizeReload (1217ms)
		ReleaseScriptCaches (0ms)
		RebuildScriptCaches (0ms)
		SetupLoadedEditorAssemblies (991ms)
			LogAssemblyErrors (0ms)
			InitializePlatformSupportModulesInManaged (13ms)
			SetLoadedEditorAssemblies (7ms)
			BeforeProcessingInitializeOnLoad (191ms)
			ProcessInitializeOnLoadAttributes (491ms)
			ProcessInitializeOnLoadMethodAttributes (283ms)
			AfterProcessingInitializeOnLoad (6ms)
			EditorAssembliesLoaded (1ms)
		ExecutionOrderSort2 (0ms)
		AwakeInstancesAfterBackupRestoration (16ms)
Refreshing native plugins compatible for Editor in 18.90 ms, found 10 plugins.
Preloading 0 native plugins for Editor in 0.00 ms.
Unloading 14 Unused Serialized files (Serialized files now loaded: 0)
Unloading 8347 unused Assets / (5.0 MB). Loaded Objects now: 9061.
Memory consumption went from 188.1 MB to 183.2 MB.
Total: 14.772700 ms (FindLiveObjects: 0.971800 ms CreateObjectMapping: 0.952200 ms MarkObjects: 9.784000 ms  DeleteObjects: 3.062800 ms)

Prepare: number of updated asset objects reloaded= 0
========================================================================
Received Prepare
Refreshing native plugins compatible for Editor in 27.57 ms, found 10 plugins.
Preloading 0 native plugins for Editor in 0.00 ms.
Unloading 14 Unused Serialized files (Serialized files now loaded: 0)
Unloading 8250 unused Assets / (5.4 MB). Loaded Objects now: 9049.
Memory consumption went from 157.6 MB to 152.2 MB.
Total: 24.673300 ms (FindLiveObjects: 1.506500 ms CreateObjectMapping: 1.640800 ms MarkObjects: 16.400100 ms  DeleteObjects: 5.123800 ms)

Prepare: number of updated asset objects reloaded= 0
========================================================================
Received Prepare
Begin MonoManager ReloadAssembly
[Licensing::Client] Successfully resolved entitlement details
Symbol file LoadedFromMemory is not a mono symbol file
- Loaded All Assemblies, in  1.198 seconds
Refreshing native plugins compatible for Editor in 18.83 ms, found 10 plugins.
Native extension for Android target not found
Native extension for WindowsStandalone target not found
[Package Manager] Failed to launch server process. Reason: Unity was launched with the -noUpm command-line argument
[Package Manager] Unable to send message (not connected to server process).
[Package Manager] Cannot connect to Unity Package Manager local server
[Package Manager] Failed to launch server process. Reason: Unity was launched with the -noUpm command-line argument
[Package Manager] Unable to send message (not connected to server process).
[Package Manager] Cannot connect to Unity Package Manager local server
Failed to get package versions: Cannot connect to Unity Package Manager local server
UnityEngine.Debug:ExtractStackTraceNoAlloc (byte*,int,string)
UnityEngine.StackTraceUtility:ExtractStackTrace ()
UnityEngine.DebugLogHandler:Internal_Log (UnityEngine.LogType,UnityEngine.LogOption,string,UnityEngine.Object)
UnityEngine.DebugLogHandler:LogFormat (UnityEngine.LogType,UnityEngine.Object,string,object[])
UnityEngine.Logger:Log (UnityEngine.LogType,object)
UnityEngine.Debug:LogWarning (object)
Unity.XR.CoreUtils.Editor.PackageVersionUtility:UpdatePackageVersions () (at ./Library/PackageCache/com.unity.xr.core-utils@f0450cbac8d6/Editor/ProjectValidation/PackageVersionUtility.cs:59)
Unity.XR.CoreUtils.Editor.PackageVersionUtility:GetPackageVersion (string) (at ./Library/PackageCache/com.unity.xr.core-utils@f0450cbac8d6/Editor/ProjectValidation/PackageVersionUtility.cs:77)
UnityEditor.XR.Interaction.Toolkit.Samples.Hands.Editor.HandsSampleProjectValidation:.cctor () (at Assets/Samples/XR Interaction Toolkit/3.0.8/Hands Interaction Demo/Editor/Scripts/HandsSampleProjectValidation.cs:34)
System.Reflection.RuntimeMethodInfo:Invoke (object,System.Reflection.BindingFlags,System.Reflection.Binder,object[],System.Globalization.CultureInfo)
System.Reflection.MethodBase:Invoke (object,object[])
UnityEditor.EditorAssemblies:ProcessInitializeOnLoadMethodAttributes ()

(Filename: ./Library/PackageCache/com.unity.xr.core-utils@f0450cbac8d6/Editor/ProjectValidation/PackageVersionUtility.cs Line: 59)

Mono: successfully reloaded assembly
[Package Manager] Failed to launch server process. Reason: Unity was launched with the -noUpm command-line argument
[Package Manager] Unable to send message (not connected to server process).
[Package Manager] Cannot connect to Unity Package Manager local server
- Finished resetting the current domain, in  1.343 seconds
Domain Reload Profiling: 2539ms
	BeginReloadAssembly (281ms)
		ExecutionOrderSort (0ms)
		DisableScriptedObjects (11ms)
		BackupInstance (0ms)
		ReleaseScriptingObjects (0ms)
		CreateAndSetChildDomain (72ms)
	RebuildCommonClasses (52ms)
	RebuildNativeTypeToScriptingClass (12ms)
	initialDomainReloadingComplete (35ms)
	LoadAllAssembliesAndSetupDomain (816ms)
		LoadAssemblies (583ms)
		RebuildTransferFunctionScriptingTraits (0ms)
		AnalyzeDomain (357ms)
			TypeCache.Refresh (17ms)
				TypeCache.ScanAssembly (1ms)
			BuildScriptInfoCaches (318ms)
			ResolveRequiredComponents (17ms)
	FinalizeReload (1344ms)
		ReleaseScriptCaches (0ms)
		RebuildScriptCaches (0ms)
		SetupLoadedEditorAssemblies (1103ms)
			LogAssemblyErrors (0ms)
			InitializePlatformSupportModulesInManaged (13ms)
			SetLoadedEditorAssemblies (6ms)
			BeforeProcessingInitializeOnLoad (252ms)
			ProcessInitializeOnLoadAttributes (498ms)
			ProcessInitializeOnLoadMethodAttributes (325ms)
			AfterProcessingInitializeOnLoad (8ms)
			EditorAssembliesLoaded (1ms)
		ExecutionOrderSort2 (0ms)
		AwakeInstancesAfterBackupRestoration (19ms)
Refreshing native plugins compatible for Editor in 26.62 ms, found 10 plugins.
Preloading 0 native plugins for Editor in 0.00 ms.
Unloading 14 Unused Serialized files (Serialized files now loaded: 0)
Unloading 8347 unused Assets / (4.7 MB). Loaded Objects now: 9064.
Memory consumption went from 188.2 MB to 183.5 MB.
Total: 18.156200 ms (FindLiveObjects: 0.867500 ms CreateObjectMapping: 0.629000 ms MarkObjects: 12.441700 ms  DeleteObjects: 4.216400 ms)

Prepare: number of updated asset objects reloaded= 0
========================================================================
Received Prepare
Refreshing native plugins compatible for Editor in 52.52 ms, found 10 plugins.
Preloading 0 native plugins for Editor in 0.00 ms.
Unloading 14 Unused Serialized files (Serialized files now loaded: 0)
Unloading 8250 unused Assets / (5.0 MB). Loaded Objects now: 9052.
Memory consumption went from 157.6 MB to 152.6 MB.
Total: 26.187900 ms (FindLiveObjects: 1.518200 ms CreateObjectMapping: 1.779300 ms MarkObjects: 17.627300 ms  DeleteObjects: 5.261500 ms)

Prepare: number of updated asset objects reloaded= 0
========================================================================
Received Prepare
Begin MonoManager ReloadAssembly
[Licensing::Client] Successfully resolved entitlement details
Symbol file LoadedFromMemory is not a mono symbol file
- Loaded All Assemblies, in  1.252 seconds
Refreshing native plugins compatible for Editor in 26.45 ms, found 10 plugins.
Native extension for Android target not found
Native extension for WindowsStandalone target not found
[Package Manager] Failed to launch server process. Reason: Unity was launched with the -noUpm command-line argument
[Package Manager] Unable to send message (not connected to server process).
[Package Manager] Cannot connect to Unity Package Manager local server
[Package Manager] Failed to launch server process. Reason: Unity was launched with the -noUpm command-line argument
[Package Manager] Unable to send message (not connected to server process).
[Package Manager] Cannot connect to Unity Package Manager local server
Failed to get package versions: Cannot connect to Unity Package Manager local server
UnityEngine.Debug:ExtractStackTraceNoAlloc (byte*,int,string)
UnityEngine.StackTraceUtility:ExtractStackTrace ()
UnityEngine.DebugLogHandler:Internal_Log (UnityEngine.LogType,UnityEngine.LogOption,string,UnityEngine.Object)
UnityEngine.DebugLogHandler:LogFormat (UnityEngine.LogType,UnityEngine.Object,string,object[])
UnityEngine.Logger:Log (UnityEngine.LogType,object)
UnityEngine.Debug:LogWarning (object)
Unity.XR.CoreUtils.Editor.PackageVersionUtility:UpdatePackageVersions () (at ./Library/PackageCache/com.unity.xr.core-utils@f0450cbac8d6/Editor/ProjectValidation/PackageVersionUtility.cs:59)
Unity.XR.CoreUtils.Editor.PackageVersionUtility:GetPackageVersion (string) (at ./Library/PackageCache/com.unity.xr.core-utils@f0450cbac8d6/Editor/ProjectValidation/PackageVersionUtility.cs:77)
UnityEditor.XR.Interaction.Toolkit.Samples.Hands.Editor.HandsSampleProjectValidation:.cctor () (at Assets/Samples/XR Interaction Toolkit/3.0.8/Hands Interaction Demo/Editor/Scripts/HandsSampleProjectValidation.cs:34)
System.Reflection.RuntimeMethodInfo:Invoke (object,System.Reflection.BindingFlags,System.Reflection.Binder,object[],System.Globalization.CultureInfo)
System.Reflection.MethodBase:Invoke (object,object[])
UnityEditor.EditorAssemblies:ProcessInitializeOnLoadMethodAttributes ()

(Filename: ./Library/PackageCache/com.unity.xr.core-utils@f0450cbac8d6/Editor/ProjectValidation/PackageVersionUtility.cs Line: 59)

Mono: successfully reloaded assembly
[Package Manager] Failed to launch server process. Reason: Unity was launched with the -noUpm command-line argument
[Package Manager] Unable to send message (not connected to server process).
[Package Manager] Cannot connect to Unity Package Manager local server
- Finished resetting the current domain, in  1.362 seconds
Domain Reload Profiling: 2611ms
	BeginReloadAssembly (287ms)
		ExecutionOrderSort (0ms)
		DisableScriptedObjects (9ms)
		BackupInstance (0ms)
		ReleaseScriptingObjects (0ms)
		CreateAndSetChildDomain (78ms)
	RebuildCommonClasses (59ms)
	RebuildNativeTypeToScriptingClass (22ms)
	initialDomainReloadingComplete (44ms)
	LoadAllAssembliesAndSetupDomain (836ms)
		LoadAssemblies (588ms)
		RebuildTransferFunctionScriptingTraits (0ms)
		AnalyzeDomain (370ms)
			TypeCache.Refresh (16ms)
				TypeCache.ScanAssembly (1ms)
			BuildScriptInfoCaches (328ms)
			ResolveRequiredComponents (21ms)
	FinalizeReload (1363ms)
		ReleaseScriptCaches (0ms)
		RebuildScriptCaches (0ms)
		SetupLoadedEditorAssemblies (1094ms)
			LogAssemblyErrors (0ms)
			InitializePlatformSupportModulesInManaged (17ms)
			SetLoadedEditorAssemblies (8ms)
			BeforeProcessingInitializeOnLoad (261ms)
			ProcessInitializeOnLoadAttributes (480ms)
			ProcessInitializeOnLoadMethodAttributes (320ms)
			AfterProcessingInitializeOnLoad (8ms)
			EditorAssembliesLoaded (1ms)
		ExecutionOrderSort2 (0ms)
		AwakeInstancesAfterBackupRestoration (15ms)
Refreshing native plugins compatible for Editor in 34.78 ms, found 10 plugins.
Preloading 0 native plugins for Editor in 0.00 ms.
Unloading 14 Unused Serialized files (Serialized files now loaded: 0)
Unloading 8347 unused Assets / (5.2 MB). Loaded Objects now: 9067.
Memory consumption went from 188.2 MB to 183.1 MB.
Total: 30.697800 ms (FindLiveObjects: 2.177800 ms CreateObjectMapping: 1.664800 ms MarkObjects: 19.369800 ms  DeleteObjects: 7.481500 ms)

Prepare: number of updated asset objects reloaded= 0
========================================================================
Received Prepare
Refreshing native plugins compatible for Editor in 33.81 ms, found 10 plugins.
Preloading 0 native plugins for Editor in 0.00 ms.
Unloading 14 Unused Serialized files (Serialized files now loaded: 0)
Unloading 8250 unused Assets / (5.0 MB). Loaded Objects now: 9055.
Memory consumption went from 157.7 MB to 152.7 MB.
Total: 26.405600 ms (FindLiveObjects: 1.519100 ms CreateObjectMapping: 1.819300 ms MarkObjects: 17.632700 ms  DeleteObjects: 5.432600 ms)

Prepare: number of updated asset objects reloaded= 0
========================================================================
Received Prepare
Begin MonoManager ReloadAssembly
Symbol file LoadedFromMemory is not a mono symbol file
- Loaded All Assemblies, in  1.279 seconds
Refreshing native plugins compatible for Editor in 32.95 ms, found 10 plugins.
Native extension for Android target not found
Native extension for WindowsStandalone target not found
[Package Manager] Failed to launch server process. Reason: Unity was launched with the -noUpm command-line argument
[Package Manager] Unable to send message (not connected to server process).
[Package Manager] Cannot connect to Unity Package Manager local server
[Package Manager] Failed to launch server process. Reason: Unity was launched with the -noUpm command-line argument
[Package Manager] Unable to send message (not connected to server process).
[Package Manager] Cannot connect to Unity Package Manager local server
Failed to get package versions: Cannot connect to Unity Package Manager local server
UnityEngine.Debug:ExtractStackTraceNoAlloc (byte*,int,string)
UnityEngine.StackTraceUtility:ExtractStackTrace ()
UnityEngine.DebugLogHandler:Internal_Log (UnityEngine.LogType,UnityEngine.LogOption,string,UnityEngine.Object)
UnityEngine.DebugLogHandler:LogFormat (UnityEngine.LogType,UnityEngine.Object,string,object[])
UnityEngine.Logger:Log (UnityEngine.LogType,object)
UnityEngine.Debug:LogWarning (object)
Unity.XR.CoreUtils.Editor.PackageVersionUtility:UpdatePackageVersions () (at ./Library/PackageCache/com.unity.xr.core-utils@f0450cbac8d6/Editor/ProjectValidation/PackageVersionUtility.cs:59)
Unity.XR.CoreUtils.Editor.PackageVersionUtility:GetPackageVersion (string) (at ./Library/PackageCache/com.unity.xr.core-utils@f0450cbac8d6/Editor/ProjectValidation/PackageVersionUtility.cs:77)
UnityEditor.XR.Interaction.Toolkit.Samples.Hands.Editor.HandsSampleProjectValidation:.cctor () (at Assets/Samples/XR Interaction Toolkit/3.0.8/Hands Interaction Demo/Editor/Scripts/HandsSampleProjectValidation.cs:34)
System.Reflection.RuntimeMethodInfo:Invoke (object,System.Reflection.BindingFlags,System.Reflection.Binder,object[],System.Globalization.CultureInfo)
System.Reflection.MethodBase:Invoke (object,object[])
UnityEditor.EditorAssemblies:ProcessInitializeOnLoadMethodAttributes ()

(Filename: ./Library/PackageCache/com.unity.xr.core-utils@f0450cbac8d6/Editor/ProjectValidation/PackageVersionUtility.cs Line: 59)

Mono: successfully reloaded assembly
[Package Manager] Failed to launch server process. Reason: Unity was launched with the -noUpm command-line argument
[Package Manager] Unable to send message (not connected to server process).
[Package Manager] Cannot connect to Unity Package Manager local server
- Finished resetting the current domain, in  1.511 seconds
Domain Reload Profiling: 2791ms
	BeginReloadAssembly (270ms)
		ExecutionOrderSort (0ms)
		DisableScriptedObjects (7ms)
		BackupInstance (0ms)
		ReleaseScriptingObjects (0ms)
		CreateAndSetChildDomain (68ms)
	RebuildCommonClasses (46ms)
	RebuildNativeTypeToScriptingClass (19ms)
	initialDomainReloadingComplete (42ms)
	LoadAllAssembliesAndSetupDomain (903ms)
		LoadAssemblies (637ms)
		RebuildTransferFunctionScriptingTraits (0ms)
		AnalyzeDomain (396ms)
			TypeCache.Refresh (17ms)
				TypeCache.ScanAssembly (1ms)
			BuildScriptInfoCaches (350ms)
			ResolveRequiredComponents (22ms)
	FinalizeReload (1512ms)
		ReleaseScriptCaches (0ms)
		RebuildScriptCaches (0ms)
		SetupLoadedEditorAssemblies (1258ms)
			LogAssemblyErrors (0ms)
			InitializePlatformSupportModulesInManaged (16ms)
			SetLoadedEditorAssemblies (8ms)
			BeforeProcessingInitializeOnLoad (274ms)
			ProcessInitializeOnLoadAttributes (555ms)
			ProcessInitializeOnLoadMethodAttributes (397ms)
			AfterProcessingInitializeOnLoad (8ms)
			EditorAssembliesLoaded (1ms)
		ExecutionOrderSort2 (0ms)
		AwakeInstancesAfterBackupRestoration (21ms)
Refreshing native plugins compatible for Editor in 25.59 ms, found 10 plugins.
Preloading 0 native plugins for Editor in 0.00 ms.
Unloading 14 Unused Serialized files (Serialized files now loaded: 0)
Unloading 8347 unused Assets / (5.6 MB). Loaded Objects now: 9070.
Memory consumption went from 188.3 MB to 182.7 MB.
Total: 20.214200 ms (FindLiveObjects: 1.858800 ms CreateObjectMapping: 1.414000 ms MarkObjects: 11.828400 ms  DeleteObjects: 5.111600 ms)

Prepare: number of updated asset objects reloaded= 0
========================================================================
Received Prepare
Refreshing native plugins compatible for Editor in 25.86 ms, found 10 plugins.
Preloading 0 native plugins for Editor in 0.00 ms.
Unloading 14 Unused Serialized files (Serialized files now loaded: 0)
Unloading 8250 unused Assets / (5.0 MB). Loaded Objects now: 9058.
Memory consumption went from 157.7 MB to 152.7 MB.
Total: 20.207200 ms (FindLiveObjects: 1.299600 ms CreateObjectMapping: 1.113800 ms MarkObjects: 12.076800 ms  DeleteObjects: 5.715700 ms)

Prepare: number of updated asset objects reloaded= 0
========================================================================
Received Prepare
Begin MonoManager ReloadAssembly
[Licensing::Client] Successfully resolved entitlement details
Symbol file LoadedFromMemory is not a mono symbol file
- Loaded All Assemblies, in  1.213 seconds
Refreshing native plugins compatible for Editor in 28.34 ms, found 10 plugins.
Native extension for Android target not found
Native extension for WindowsStandalone target not found
[Package Manager] Failed to launch server process. Reason: Unity was launched with the -noUpm command-line argument
[Package Manager] Unable to send message (not connected to server process).
[Package Manager] Cannot connect to Unity Package Manager local server
[Package Manager] Failed to launch server process. Reason: Unity was launched with the -noUpm command-line argument
[Package Manager] Unable to send message (not connected to server process).
[Package Manager] Cannot connect to Unity Package Manager local server
Failed to get package versions: Cannot connect to Unity Package Manager local server
UnityEngine.Debug:ExtractStackTraceNoAlloc (byte*,int,string)
UnityEngine.StackTraceUtility:ExtractStackTrace ()
UnityEngine.DebugLogHandler:Internal_Log (UnityEngine.LogType,UnityEngine.LogOption,string,UnityEngine.Object)
UnityEngine.DebugLogHandler:LogFormat (UnityEngine.LogType,UnityEngine.Object,string,object[])
UnityEngine.Logger:Log (UnityEngine.LogType,object)
UnityEngine.Debug:LogWarning (object)
Unity.XR.CoreUtils.Editor.PackageVersionUtility:UpdatePackageVersions () (at ./Library/PackageCache/com.unity.xr.core-utils@f0450cbac8d6/Editor/ProjectValidation/PackageVersionUtility.cs:59)
Unity.XR.CoreUtils.Editor.PackageVersionUtility:GetPackageVersion (string) (at ./Library/PackageCache/com.unity.xr.core-utils@f0450cbac8d6/Editor/ProjectValidation/PackageVersionUtility.cs:77)
UnityEditor.XR.Interaction.Toolkit.Samples.Hands.Editor.HandsSampleProjectValidation:.cctor () (at Assets/Samples/XR Interaction Toolkit/3.0.8/Hands Interaction Demo/Editor/Scripts/HandsSampleProjectValidation.cs:34)
System.Reflection.RuntimeMethodInfo:Invoke (object,System.Reflection.BindingFlags,System.Reflection.Binder,object[],System.Globalization.CultureInfo)
System.Reflection.MethodBase:Invoke (object,object[])
UnityEditor.EditorAssemblies:ProcessInitializeOnLoadMethodAttributes ()

(Filename: ./Library/PackageCache/com.unity.xr.core-utils@f0450cbac8d6/Editor/ProjectValidation/PackageVersionUtility.cs Line: 59)

Mono: successfully reloaded assembly
[Package Manager] Failed to launch server process. Reason: Unity was launched with the -noUpm command-line argument
[Package Manager] Unable to send message (not connected to server process).
[Package Manager] Cannot connect to Unity Package Manager local server
- Finished resetting the current domain, in  1.396 seconds
Domain Reload Profiling: 2604ms
	BeginReloadAssembly (294ms)
		ExecutionOrderSort (0ms)
		DisableScriptedObjects (11ms)
		BackupInstance (0ms)
		ReleaseScriptingObjects (0ms)
		CreateAndSetChildDomain (81ms)
	RebuildCommonClasses (53ms)
	RebuildNativeTypeToScriptingClass (20ms)
	initialDomainReloadingComplete (41ms)
	LoadAllAssembliesAndSetupDomain (799ms)
		LoadAssemblies (597ms)
		RebuildTransferFunctionScriptingTraits (0ms)
		AnalyzeDomain (330ms)
			TypeCache.Refresh (18ms)
				TypeCache.ScanAssembly (1ms)
			BuildScriptInfoCaches (293ms)
			ResolveRequiredComponents (14ms)
	FinalizeReload (1396ms)
		ReleaseScriptCaches (0ms)
		RebuildScriptCaches (0ms)
		SetupLoadedEditorAssemblies (1143ms)
			LogAssemblyErrors (0ms)
			InitializePlatformSupportModulesInManaged (11ms)
			SetLoadedEditorAssemblies (7ms)
			BeforeProcessingInitializeOnLoad (247ms)
			ProcessInitializeOnLoadAttributes (500ms)
			ProcessInitializeOnLoadMethodAttributes (370ms)
			AfterProcessingInitializeOnLoad (8ms)
			EditorAssembliesLoaded (0ms)
		ExecutionOrderSort2 (0ms)
		AwakeInstancesAfterBackupRestoration (16ms)
Refreshing native plugins compatible for Editor in 23.08 ms, found 10 plugins.
Preloading 0 native plugins for Editor in 0.00 ms.
Unloading 14 Unused Serialized files (Serialized files now loaded: 0)
Unloading 8347 unused Assets / (5.5 MB). Loaded Objects now: 9073.
Memory consumption went from 188.3 MB to 182.9 MB.
Total: 17.923100 ms (FindLiveObjects: 0.939100 ms CreateObjectMapping: 0.749000 ms MarkObjects: 11.897200 ms  DeleteObjects: 4.336300 ms)

Prepare: number of updated asset objects reloaded= 0
========================================================================
Received Prepare
Refreshing native plugins compatible for Editor in 24.60 ms, found 10 plugins.
Preloading 0 native plugins for Editor in 0.00 ms.
Unloading 14 Unused Serialized files (Serialized files now loaded: 0)
Unloading 8250 unused Assets / (5.8 MB). Loaded Objects now: 9061.
Memory consumption went from 157.8 MB to 152.0 MB.
Total: 22.499300 ms (FindLiveObjects: 1.427800 ms CreateObjectMapping: 1.033100 ms MarkObjects: 15.306400 ms  DeleteObjects: 4.730400 ms)

Prepare: number of updated asset objects reloaded= 0
========================================================================
Received Prepare
Begin MonoManager ReloadAssembly
[Licensing::Client] Successfully resolved entitlement details
Symbol file LoadedFromMemory is not a mono symbol file
- Loaded All Assemblies, in  1.223 seconds
Refreshing native plugins compatible for Editor in 29.45 ms, found 10 plugins.
Native extension for Android target not found
Native extension for WindowsStandalone target not found
[Package Manager] Failed to launch server process. Reason: Unity was launched with the -noUpm command-line argument
[Package Manager] Unable to send message (not connected to server process).
[Package Manager] Cannot connect to Unity Package Manager local server
[Package Manager] Failed to launch server process. Reason: Unity was launched with the -noUpm command-line argument
[Package Manager] Unable to send message (not connected to server process).
[Package Manager] Cannot connect to Unity Package Manager local server
Failed to get package versions: Cannot connect to Unity Package Manager local server
UnityEngine.Debug:ExtractStackTraceNoAlloc (byte*,int,string)
UnityEngine.StackTraceUtility:ExtractStackTrace ()
UnityEngine.DebugLogHandler:Internal_Log (UnityEngine.LogType,UnityEngine.LogOption,string,UnityEngine.Object)
UnityEngine.DebugLogHandler:LogFormat (UnityEngine.LogType,UnityEngine.Object,string,object[])
UnityEngine.Logger:Log (UnityEngine.LogType,object)
UnityEngine.Debug:LogWarning (object)
Unity.XR.CoreUtils.Editor.PackageVersionUtility:UpdatePackageVersions () (at ./Library/PackageCache/com.unity.xr.core-utils@f0450cbac8d6/Editor/ProjectValidation/PackageVersionUtility.cs:59)
Unity.XR.CoreUtils.Editor.PackageVersionUtility:GetPackageVersion (string) (at ./Library/PackageCache/com.unity.xr.core-utils@f0450cbac8d6/Editor/ProjectValidation/PackageVersionUtility.cs:77)
UnityEditor.XR.Interaction.Toolkit.Samples.Hands.Editor.HandsSampleProjectValidation:.cctor () (at Assets/Samples/XR Interaction Toolkit/3.0.8/Hands Interaction Demo/Editor/Scripts/HandsSampleProjectValidation.cs:34)
System.Reflection.RuntimeMethodInfo:Invoke (object,System.Reflection.BindingFlags,System.Reflection.Binder,object[],System.Globalization.CultureInfo)
System.Reflection.MethodBase:Invoke (object,object[])
UnityEditor.EditorAssemblies:ProcessInitializeOnLoadMethodAttributes ()

(Filename: ./Library/PackageCache/com.unity.xr.core-utils@f0450cbac8d6/Editor/ProjectValidation/PackageVersionUtility.cs Line: 59)

Mono: successfully reloaded assembly
[Package Manager] Failed to launch server process. Reason: Unity was launched with the -noUpm command-line argument
[Package Manager] Unable to send message (not connected to server process).
[Package Manager] Cannot connect to Unity Package Manager local server
- Finished resetting the current domain, in  1.389 seconds
Domain Reload Profiling: 2605ms
	BeginReloadAssembly (282ms)
		ExecutionOrderSort (0ms)
		DisableScriptedObjects (9ms)
		BackupInstance (0ms)
		ReleaseScriptingObjects (0ms)
		CreateAndSetChildDomain (70ms)
	RebuildCommonClasses (47ms)
	RebuildNativeTypeToScriptingClass (21ms)
	initialDomainReloadingComplete (44ms)
	LoadAllAssembliesAndSetupDomain (822ms)
		LoadAssemblies (597ms)
		RebuildTransferFunctionScriptingTraits (0ms)
		AnalyzeDomain (356ms)
			TypeCache.Refresh (16ms)
				TypeCache.ScanAssembly (1ms)
			BuildScriptInfoCaches (313ms)
			ResolveRequiredComponents (21ms)
	FinalizeReload (1389ms)
		ReleaseScriptCaches (0ms)
		RebuildScriptCaches (0ms)
		SetupLoadedEditorAssemblies (1133ms)
			LogAssemblyErrors (0ms)
			InitializePlatformSupportModulesInManaged (16ms)
			SetLoadedEditorAssemblies (7ms)
			BeforeProcessingInitializeOnLoad (274ms)
			ProcessInitializeOnLoadAttributes (501ms)
			ProcessInitializeOnLoadMethodAttributes (326ms)
			AfterProcessingInitializeOnLoad (9ms)
			EditorAssembliesLoaded (1ms)
		ExecutionOrderSort2 (0ms)
		AwakeInstancesAfterBackupRestoration (19ms)
Refreshing native plugins compatible for Editor in 26.64 ms, found 10 plugins.
Preloading 0 native plugins for Editor in 0.00 ms.
Unloading 14 Unused Serialized files (Serialized files now loaded: 0)
Unloading 8347 unused Assets / (5.1 MB). Loaded Objects now: 9076.
Memory consumption went from 188.4 MB to 183.3 MB.
Total: 22.752900 ms (FindLiveObjects: 1.258800 ms CreateObjectMapping: 1.531800 ms MarkObjects: 15.022300 ms  DeleteObjects: 4.938000 ms)

Prepare: number of updated asset objects reloaded= 0
========================================================================
Received Prepare
Refreshing native plugins compatible for Editor in 30.82 ms, found 10 plugins.
Preloading 0 native plugins for Editor in 0.00 ms.
Unloading 14 Unused Serialized files (Serialized files now loaded: 0)
Unloading 8250 unused Assets / (5.3 MB). Loaded Objects now: 9064.
Memory consumption went from 157.8 MB to 152.6 MB.
Total: 19.076800 ms (FindLiveObjects: 1.655000 ms CreateObjectMapping: 1.242800 ms MarkObjects: 11.377000 ms  DeleteObjects: 4.800100 ms)

Prepare: number of updated asset objects reloaded= 0
========================================================================
Received Prepare
Begin MonoManager ReloadAssembly
[Licensing::Client] Successfully resolved entitlement details
Symbol file LoadedFromMemory is not a mono symbol file
- Loaded All Assemblies, in  5.044 seconds
Refreshing native plugins compatible for Editor in 38.03 ms, found 10 plugins.
Native extension for Android target not found
Native extension for WindowsStandalone target not found
[Package Manager] Failed to launch server process. Reason: Unity was launched with the -noUpm command-line argument
[Package Manager] Unable to send message (not connected to server process).
[Package Manager] Cannot connect to Unity Package Manager local server
[Package Manager] Failed to launch server process. Reason: Unity was launched with the -noUpm command-line argument
[Package Manager] Unable to send message (not connected to server process).
[Package Manager] Cannot connect to Unity Package Manager local server
Failed to get package versions: Cannot connect to Unity Package Manager local server
UnityEngine.Debug:ExtractStackTraceNoAlloc (byte*,int,string)
UnityEngine.StackTraceUtility:ExtractStackTrace ()
UnityEngine.DebugLogHandler:Internal_Log (UnityEngine.LogType,UnityEngine.LogOption,string,UnityEngine.Object)
UnityEngine.DebugLogHandler:LogFormat (UnityEngine.LogType,UnityEngine.Object,string,object[])
UnityEngine.Logger:Log (UnityEngine.LogType,object)
UnityEngine.Debug:LogWarning (object)
Unity.XR.CoreUtils.Editor.PackageVersionUtility:UpdatePackageVersions () (at ./Library/PackageCache/com.unity.xr.core-utils@f0450cbac8d6/Editor/ProjectValidation/PackageVersionUtility.cs:59)
Unity.XR.CoreUtils.Editor.PackageVersionUtility:GetPackageVersion (string) (at ./Library/PackageCache/com.unity.xr.core-utils@f0450cbac8d6/Editor/ProjectValidation/PackageVersionUtility.cs:77)
UnityEditor.XR.Interaction.Toolkit.Samples.Hands.Editor.HandsSampleProjectValidation:.cctor () (at Assets/Samples/XR Interaction Toolkit/3.0.8/Hands Interaction Demo/Editor/Scripts/HandsSampleProjectValidation.cs:34)
System.Reflection.RuntimeMethodInfo:Invoke (object,System.Reflection.BindingFlags,System.Reflection.Binder,object[],System.Globalization.CultureInfo)
System.Reflection.MethodBase:Invoke (object,object[])
UnityEditor.EditorAssemblies:ProcessInitializeOnLoadMethodAttributes ()

(Filename: ./Library/PackageCache/com.unity.xr.core-utils@f0450cbac8d6/Editor/ProjectValidation/PackageVersionUtility.cs Line: 59)

Mono: successfully reloaded assembly
[Package Manager] Failed to launch server process. Reason: Unity was launched with the -noUpm command-line argument
[Package Manager] Unable to send message (not connected to server process).
[Package Manager] Cannot connect to Unity Package Manager local server
- Finished resetting the current domain, in  1.810 seconds
Domain Reload Profiling: 6848ms
	BeginReloadAssembly (615ms)
		ExecutionOrderSort (0ms)
		DisableScriptedObjects (10ms)
		BackupInstance (0ms)
		ReleaseScriptingObjects (0ms)
		CreateAndSetChildDomain (78ms)
	RebuildCommonClasses (198ms)
	RebuildNativeTypeToScriptingClass (20ms)
	initialDomainReloadingComplete (48ms)
	LoadAllAssembliesAndSetupDomain (4157ms)
		LoadAssemblies (3999ms)
		RebuildTransferFunctionScriptingTraits (0ms)
		AnalyzeDomain (616ms)
			TypeCache.Refresh (14ms)
				TypeCache.ScanAssembly (1ms)
			BuildScriptInfoCaches (577ms)
			ResolveRequiredComponents (19ms)
	FinalizeReload (1810ms)
		ReleaseScriptCaches (0ms)
		RebuildScriptCaches (0ms)
		SetupLoadedEditorAssemblies (1589ms)
			LogAssemblyErrors (0ms)
			InitializePlatformSupportModulesInManaged (14ms)
			SetLoadedEditorAssemblies (7ms)
			BeforeProcessingInitializeOnLoad (265ms)
			ProcessInitializeOnLoadAttributes (804ms)
			ProcessInitializeOnLoadMethodAttributes (486ms)
			AfterProcessingInitializeOnLoad (12ms)
			EditorAssembliesLoaded (1ms)
		ExecutionOrderSort2 (0ms)
		AwakeInstancesAfterBackupRestoration (25ms)
Refreshing native plugins compatible for Editor in 30.51 ms, found 10 plugins.
Preloading 0 native plugins for Editor in 0.00 ms.
Unloading 14 Unused Serialized files (Serialized files now loaded: 0)
Unloading 8347 unused Assets / (4.9 MB). Loaded Objects now: 9079.
Memory consumption went from 188.4 MB to 183.5 MB.
Total: 23.785700 ms (FindLiveObjects: 1.253900 ms CreateObjectMapping: 1.327400 ms MarkObjects: 15.379800 ms  DeleteObjects: 5.822300 ms)

Prepare: number of updated asset objects reloaded= 0
========================================================================
Received Prepare
Refreshing native plugins compatible for Editor in 39.23 ms, found 10 plugins.
Preloading 0 native plugins for Editor in 0.00 ms.
Unloading 14 Unused Serialized files (Serialized files now loaded: 0)
Unloading 8250 unused Assets / (4.9 MB). Loaded Objects now: 9067.
Memory consumption went from 157.9 MB to 153.0 MB.
Total: 22.105400 ms (FindLiveObjects: 1.661700 ms CreateObjectMapping: 1.597200 ms MarkObjects: 14.584800 ms  DeleteObjects: 4.259200 ms)

Prepare: number of updated asset objects reloaded= 0
========================================================================
Received Prepare
Begin MonoManager ReloadAssembly
Symbol file LoadedFromMemory is not a mono symbol file
- Loaded All Assemblies, in  1.243 seconds
Refreshing native plugins compatible for Editor in 29.39 ms, found 10 plugins.
Native extension for Android target not found
Native extension for WindowsStandalone target not found
[Package Manager] Failed to launch server process. Reason: Unity was launched with the -noUpm command-line argument
[Package Manager] Unable to send message (not connected to server process).
[Package Manager] Cannot connect to Unity Package Manager local server
[Package Manager] Failed to launch server process. Reason: Unity was launched with the -noUpm command-line argument
[Package Manager] Unable to send message (not connected to server process).
[Package Manager] Cannot connect to Unity Package Manager local server
Failed to get package versions: Cannot connect to Unity Package Manager local server
UnityEngine.Debug:ExtractStackTraceNoAlloc (byte*,int,string)
UnityEngine.StackTraceUtility:ExtractStackTrace ()
UnityEngine.DebugLogHandler:Internal_Log (UnityEngine.LogType,UnityEngine.LogOption,string,UnityEngine.Object)
UnityEngine.DebugLogHandler:LogFormat (UnityEngine.LogType,UnityEngine.Object,string,object[])
UnityEngine.Logger:Log (UnityEngine.LogType,object)
UnityEngine.Debug:LogWarning (object)
Unity.XR.CoreUtils.Editor.PackageVersionUtility:UpdatePackageVersions () (at ./Library/PackageCache/com.unity.xr.core-utils@f0450cbac8d6/Editor/ProjectValidation/PackageVersionUtility.cs:59)
Unity.XR.CoreUtils.Editor.PackageVersionUtility:GetPackageVersion (string) (at ./Library/PackageCache/com.unity.xr.core-utils@f0450cbac8d6/Editor/ProjectValidation/PackageVersionUtility.cs:77)
UnityEditor.XR.Interaction.Toolkit.Samples.Hands.Editor.HandsSampleProjectValidation:.cctor () (at Assets/Samples/XR Interaction Toolkit/3.0.8/Hands Interaction Demo/Editor/Scripts/HandsSampleProjectValidation.cs:34)
System.Reflection.RuntimeMethodInfo:Invoke (object,System.Reflection.BindingFlags,System.Reflection.Binder,object[],System.Globalization.CultureInfo)
System.Reflection.MethodBase:Invoke (object,object[])
UnityEditor.EditorAssemblies:ProcessInitializeOnLoadMethodAttributes ()

(Filename: ./Library/PackageCache/com.unity.xr.core-utils@f0450cbac8d6/Editor/ProjectValidation/PackageVersionUtility.cs Line: 59)

Mono: successfully reloaded assembly
[Package Manager] Failed to launch server process. Reason: Unity was launched with the -noUpm command-line argument
[Package Manager] Unable to send message (not connected to server process).
[Package Manager] Cannot connect to Unity Package Manager local server
- Finished resetting the current domain, in  1.455 seconds
Domain Reload Profiling: 2696ms
	BeginReloadAssembly (282ms)
		ExecutionOrderSort (0ms)
		DisableScriptedObjects (9ms)
		BackupInstance (0ms)
		ReleaseScriptingObjects (0ms)
		CreateAndSetChildDomain (78ms)
	RebuildCommonClasses (52ms)
	RebuildNativeTypeToScriptingClass (22ms)
	initialDomainReloadingComplete (46ms)
	LoadAllAssembliesAndSetupDomain (839ms)
		LoadAssemblies (613ms)
		RebuildTransferFunctionScriptingTraits (0ms)
		AnalyzeDomain (344ms)
			TypeCache.Refresh (16ms)
				TypeCache.ScanAssembly (1ms)
			BuildScriptInfoCaches (300ms)
			ResolveRequiredComponents (21ms)
	FinalizeReload (1455ms)
		ReleaseScriptCaches (0ms)
		RebuildScriptCaches (0ms)
		SetupLoadedEditorAssemblies (1197ms)
			LogAssemblyErrors (0ms)
			InitializePlatformSupportModulesInManaged (12ms)
			SetLoadedEditorAssemblies (6ms)
			BeforeProcessingInitializeOnLoad (278ms)
			ProcessInitializeOnLoadAttributes (559ms)
			ProcessInitializeOnLoadMethodAttributes (333ms)
			AfterProcessingInitializeOnLoad (9ms)
			EditorAssembliesLoaded (1ms)
		ExecutionOrderSort2 (0ms)
		AwakeInstancesAfterBackupRestoration (28ms)
Refreshing native plugins compatible for Editor in 22.30 ms, found 10 plugins.
Preloading 0 native plugins for Editor in 0.00 ms.
Unloading 14 Unused Serialized files (Serialized files now loaded: 0)
Unloading 8347 unused Assets / (5.8 MB). Loaded Objects now: 9082.
Memory consumption went from 188.5 MB to 182.7 MB.
Total: 23.459600 ms (FindLiveObjects: 1.464900 ms CreateObjectMapping: 1.449600 ms MarkObjects: 15.868000 ms  DeleteObjects: 4.675300 ms)

Prepare: number of updated asset objects reloaded= 0
========================================================================
Received Import Request.
  Time since last request: 353531.591417 seconds.
  path: Assets/Script/scriptAlien.cs
  artifactKey: Guid(e2f778094d8ff304cbf85d21b932819d) Importer(815301076,1909f56bfc062723c751e8b465ee728b)
Start importing Assets/Script/scriptAlien.cs using Guid(e2f778094d8ff304cbf85d21b932819d) Importer(815301076,1909f56bfc062723c751e8b465ee728b) (PreviewImporter) -> (artifact id: '907d5bc3c5981adbeace665bf52499e5') in 0.0135845 seconds
Number of updated asset objects reloaded before import = 0Number of asset objects unloaded after import = 0

========================================================================
Received Import Request.
  Time since last request: 48.378770 seconds.
  path: Assets/Script/gestionTemps.cs
  artifactKey: Guid(0c687008094c86f4bb3f57b0baf455d7) Importer(815301076,1909f56bfc062723c751e8b465ee728b)
Start importing Assets/Script/gestionTemps.cs using Guid(0c687008094c86f4bb3f57b0baf455d7) Importer(815301076,1909f56bfc062723c751e8b465ee728b) (PreviewImporter) -> (artifact id: 'afd9831170d2b4628a0349aa1595e3b3') in 0.0013243 seconds
Number of updated asset objects reloaded before import = 0Number of asset objects unloaded after import = 0

========================================================================
Received Prepare
Refreshing native plugins compatible for Editor in 74.41 ms, found 10 plugins.
Preloading 0 native plugins for Editor in 0.00 ms.
Unloading 14 Unused Serialized files (Serialized files now loaded: 0)
Unloading 8250 unused Assets / (5.3 MB). Loaded Objects now: 9072.
Memory consumption went from 158.4 MB to 153.1 MB.
Total: 37.798200 ms (FindLiveObjects: 1.461700 ms CreateObjectMapping: 1.517400 ms MarkObjects: 29.185600 ms  DeleteObjects: 5.630600 ms)

Prepare: number of updated asset objects reloaded= 0
========================================================================
Received Prepare
Begin MonoManager ReloadAssembly
[Licensing::Client] Successfully resolved entitlement details
Symbol file LoadedFromMemory is not a mono symbol file
- Loaded All Assemblies, in  1.317 seconds
Refreshing native plugins compatible for Editor in 26.54 ms, found 10 plugins.
Native extension for Android target not found
Native extension for WindowsStandalone target not found
[Package Manager] Failed to launch server process. Reason: Unity was launched with the -noUpm command-line argument
[Package Manager] Unable to send message (not connected to server process).
[Package Manager] Cannot connect to Unity Package Manager local server
[Package Manager] Failed to launch server process. Reason: Unity was launched with the -noUpm command-line argument
[Package Manager] Unable to send message (not connected to server process).
[Package Manager] Cannot connect to Unity Package Manager local server
Failed to get package versions: Cannot connect to Unity Package Manager local server
UnityEngine.Debug:ExtractStackTraceNoAlloc (byte*,int,string)
UnityEngine.StackTraceUtility:ExtractStackTrace ()
UnityEngine.DebugLogHandler:Internal_Log (UnityEngine.LogType,UnityEngine.LogOption,string,UnityEngine.Object)
UnityEngine.DebugLogHandler:LogFormat (UnityEngine.LogType,UnityEngine.Object,string,object[])
UnityEngine.Logger:Log (UnityEngine.LogType,object)
UnityEngine.Debug:LogWarning (object)
Unity.XR.CoreUtils.Editor.PackageVersionUtility:UpdatePackageVersions () (at ./Library/PackageCache/com.unity.xr.core-utils@f0450cbac8d6/Editor/ProjectValidation/PackageVersionUtility.cs:59)
Unity.XR.CoreUtils.Editor.PackageVersionUtility:GetPackageVersion (string) (at ./Library/PackageCache/com.unity.xr.core-utils@f0450cbac8d6/Editor/ProjectValidation/PackageVersionUtility.cs:77)
UnityEditor.XR.Interaction.Toolkit.Samples.Hands.Editor.HandsSampleProjectValidation:.cctor () (at Assets/Samples/XR Interaction Toolkit/3.0.8/Hands Interaction Demo/Editor/Scripts/HandsSampleProjectValidation.cs:34)
System.Reflection.RuntimeMethodInfo:Invoke (object,System.Reflection.BindingFlags,System.Reflection.Binder,object[],System.Globalization.CultureInfo)
System.Reflection.MethodBase:Invoke (object,object[])
UnityEditor.EditorAssemblies:ProcessInitializeOnLoadMethodAttributes ()

(Filename: ./Library/PackageCache/com.unity.xr.core-utils@f0450cbac8d6/Editor/ProjectValidation/PackageVersionUtility.cs Line: 59)

Mono: successfully reloaded assembly
[Package Manager] Failed to launch server process. Reason: Unity was launched with the -noUpm command-line argument
[Package Manager] Unable to send message (not connected to server process).
[Package Manager] Cannot connect to Unity Package Manager local server
- Finished resetting the current domain, in  1.519 seconds
Domain Reload Profiling: 2836ms
	BeginReloadAssembly (354ms)
		ExecutionOrderSort (0ms)
		DisableScriptedObjects (11ms)
		BackupInstance (0ms)
		ReleaseScriptingObjects (0ms)
		CreateAndSetChildDomain (100ms)
	RebuildCommonClasses (39ms)
	RebuildNativeTypeToScriptingClass (19ms)
	initialDomainReloadingComplete (43ms)
	LoadAllAssembliesAndSetupDomain (862ms)
		LoadAssemblies (666ms)
		RebuildTransferFunctionScriptingTraits (0ms)
		AnalyzeDomain (365ms)
			TypeCache.Refresh (17ms)
				TypeCache.ScanAssembly (1ms)
			BuildScriptInfoCaches (321ms)
			ResolveRequiredComponents (20ms)
	FinalizeReload (1519ms)
		ReleaseScriptCaches (0ms)
		RebuildScriptCaches (0ms)
		SetupLoadedEditorAssemblies (1291ms)
			LogAssemblyErrors (0ms)
			InitializePlatformSupportModulesInManaged (11ms)
			SetLoadedEditorAssemblies (5ms)
			BeforeProcessingInitializeOnLoad (277ms)
			ProcessInitializeOnLoadAttributes (641ms)
			ProcessInitializeOnLoadMethodAttributes (350ms)
			AfterProcessingInitializeOnLoad (6ms)
			EditorAssembliesLoaded (1ms)
		ExecutionOrderSort2 (0ms)
		AwakeInstancesAfterBackupRestoration (20ms)
Refreshing native plugins compatible for Editor in 22.24 ms, found 10 plugins.
Preloading 0 native plugins for Editor in 0.00 ms.
Unloading 14 Unused Serialized files (Serialized files now loaded: 0)
Unloading 8347 unused Assets / (5.0 MB). Loaded Objects now: 9087.
Memory consumption went from 189.3 MB to 184.3 MB.
Total: 20.054700 ms (FindLiveObjects: 1.358100 ms CreateObjectMapping: 1.422900 ms MarkObjects: 12.987500 ms  DeleteObjects: 4.285000 ms)

Prepare: number of updated asset objects reloaded= 0
========================================================================
Received Prepare
Refreshing native plugins compatible for Editor in 72.85 ms, found 10 plugins.
Preloading 0 native plugins for Editor in 0.00 ms.
Unloading 14 Unused Serialized files (Serialized files now loaded: 0)
Unloading 8250 unused Assets / (5.0 MB). Loaded Objects now: 9075.
Memory consumption went from 158.7 MB to 153.8 MB.
Total: 30.034600 ms (FindLiveObjects: 1.714100 ms CreateObjectMapping: 2.012400 ms MarkObjects: 20.645400 ms  DeleteObjects: 5.660700 ms)

Prepare: number of updated asset objects reloaded= 0
========================================================================
Received Prepare
Begin MonoManager ReloadAssembly
Symbol file LoadedFromMemory is not a mono symbol file
- Loaded All Assemblies, in  1.238 seconds
Refreshing native plugins compatible for Editor in 37.78 ms, found 10 plugins.
Native extension for Android target not found
Native extension for WindowsStandalone target not found
[Package Manager] Failed to launch server process. Reason: Unity was launched with the -noUpm command-line argument
[Package Manager] Unable to send message (not connected to server process).
[Package Manager] Cannot connect to Unity Package Manager local server
[Package Manager] Failed to launch server process. Reason: Unity was launched with the -noUpm command-line argument
[Package Manager] Unable to send message (not connected to server process).
[Package Manager] Cannot connect to Unity Package Manager local server
Failed to get package versions: Cannot connect to Unity Package Manager local server
UnityEngine.Debug:ExtractStackTraceNoAlloc (byte*,int,string)
UnityEngine.StackTraceUtility:ExtractStackTrace ()
UnityEngine.DebugLogHandler:Internal_Log (UnityEngine.LogType,UnityEngine.LogOption,string,UnityEngine.Object)
UnityEngine.DebugLogHandler:LogFormat (UnityEngine.LogType,UnityEngine.Object,string,object[])
UnityEngine.Logger:Log (UnityEngine.LogType,object)
UnityEngine.Debug:LogWarning (object)
Unity.XR.CoreUtils.Editor.PackageVersionUtility:UpdatePackageVersions () (at ./Library/PackageCache/com.unity.xr.core-utils@f0450cbac8d6/Editor/ProjectValidation/PackageVersionUtility.cs:59)
Unity.XR.CoreUtils.Editor.PackageVersionUtility:GetPackageVersion (string) (at ./Library/PackageCache/com.unity.xr.core-utils@f0450cbac8d6/Editor/ProjectValidation/PackageVersionUtility.cs:77)
UnityEditor.XR.Interaction.Toolkit.Samples.Hands.Editor.HandsSampleProjectValidation:.cctor () (at Assets/Samples/XR Interaction Toolkit/3.0.8/Hands Interaction Demo/Editor/Scripts/HandsSampleProjectValidation.cs:34)
System.Reflection.RuntimeMethodInfo:Invoke (object,System.Reflection.BindingFlags,System.Reflection.Binder,object[],System.Globalization.CultureInfo)
System.Reflection.MethodBase:Invoke (object,object[])
UnityEditor.EditorAssemblies:ProcessInitializeOnLoadMethodAttributes ()

(Filename: ./Library/PackageCache/com.unity.xr.core-utils@f0450cbac8d6/Editor/ProjectValidation/PackageVersionUtility.cs Line: 59)

Mono: successfully reloaded assembly
[Package Manager] Failed to launch server process. Reason: Unity was launched with the -noUpm command-line argument
[Package Manager] Unable to send message (not connected to server process).
[Package Manager] Cannot connect to Unity Package Manager local server
- Finished resetting the current domain, in  1.458 seconds
Domain Reload Profiling: 2691ms
	BeginReloadAssembly (282ms)
		ExecutionOrderSort (0ms)
		DisableScriptedObjects (8ms)
		BackupInstance (0ms)
		ReleaseScriptingObjects (0ms)
		CreateAndSetChildDomain (77ms)
	RebuildCommonClasses (60ms)
	RebuildNativeTypeToScriptingClass (19ms)
	initialDomainReloadingComplete (44ms)
	LoadAllAssembliesAndSetupDomain (828ms)
		LoadAssemblies (606ms)
		RebuildTransferFunctionScriptingTraits (0ms)
		AnalyzeDomain (338ms)
			TypeCache.Refresh (15ms)
				TypeCache.ScanAssembly (1ms)
			BuildScriptInfoCaches (298ms)
			ResolveRequiredComponents (20ms)
	FinalizeReload (1458ms)
		ReleaseScriptCaches (0ms)
		RebuildScriptCaches (0ms)
		SetupLoadedEditorAssemblies (1147ms)
			LogAssemblyErrors (0ms)
			InitializePlatformSupportModulesInManaged (12ms)
			SetLoadedEditorAssemblies (6ms)
			BeforeProcessingInitializeOnLoad (267ms)
			ProcessInitializeOnLoadAttributes (497ms)
			ProcessInitializeOnLoadMethodAttributes (353ms)
			AfterProcessingInitializeOnLoad (11ms)
			EditorAssembliesLoaded (1ms)
		ExecutionOrderSort2 (0ms)
		AwakeInstancesAfterBackupRestoration (26ms)
Refreshing native plugins compatible for Editor in 28.21 ms, found 10 plugins.
Preloading 0 native plugins for Editor in 0.00 ms.
Unloading 14 Unused Serialized files (Serialized files now loaded: 0)
Unloading 8347 unused Assets / (5.0 MB). Loaded Objects now: 9090.
Memory consumption went from 189.3 MB to 184.3 MB.
Total: 18.367900 ms (FindLiveObjects: 1.482800 ms CreateObjectMapping: 1.492900 ms MarkObjects: 10.965700 ms  DeleteObjects: 4.424000 ms)

Prepare: number of updated asset objects reloaded= 0
========================================================================
Received Import Request.
  Time since last request: 2950.888399 seconds.
  path: Assets/Prefab/Particule piedestal.prefab
  artifactKey: Guid(ae1c8a1875968934581c2fe8c1feeab9) Importer(815301076,1909f56bfc062723c751e8b465ee728b)
Start importing Assets/Prefab/Particule piedestal.prefab using Guid(ae1c8a1875968934581c2fe8c1feeab9) Importer(815301076,1909f56bfc062723c751e8b465ee728b) (PreviewImporter) -> (artifact id: 'c97db9e91c3e225b5be70108c778e163') in 0.6841263 seconds
Number of updated asset objects reloaded before import = 0Number of asset objects unloaded after import = 10

========================================================================
Received Import Request.
  Time since last request: 0.071015 seconds.
  path: Assets/Prefab/piedestal.prefab
  artifactKey: Guid(878dab377463f6a44969cb1f7682bf95) Importer(815301076,1909f56bfc062723c751e8b465ee728b)
Start importing Assets/Prefab/piedestal.prefab using Guid(878dab377463f6a44969cb1f7682bf95) Importer(815301076,1909f56bfc062723c751e8b465ee728b) (PreviewImporter) -> (artifact id: '396c68316d5604e7112df192cd6513bd') in 5.8130358 seconds
Number of updated asset objects reloaded before import = 0Number of asset objects unloaded after import = 54

========================================================================
Received Import Request.
  Time since last request: 2.300851 seconds.
  path: Assets/Prefab/colonne.prefab
  artifactKey: Guid(9b82bf9e639a790418dc4553abd01ea4) Importer(815301076,1909f56bfc062723c751e8b465ee728b)
Start importing Assets/Prefab/colonne.prefab using Guid(9b82bf9e639a790418dc4553abd01ea4) Importer(815301076,1909f56bfc062723c751e8b465ee728b) (PreviewImporter) -> (artifact id: '35fd458012326e47ad1be7c75c6d598e') in 2.4712843 seconds
Number of updated asset objects reloaded before import = 0Number of asset objects unloaded after import = 11

========================================================================
Received Import Request.
  Time since last request: 153.329982 seconds.
  path: Assets/Scenes/MainGame.unity
  artifactKey: Guid(a33aa1de80ccafe4e9bdc65c47d2c090) Importer(2089858483,192608db42251d675da83286b1cce702)
Start importing Assets/Scenes/MainGame.unity using Guid(a33aa1de80ccafe4e9bdc65c47d2c090) Importer(2089858483,192608db42251d675da83286b1cce702) (ScriptedImporter) -> (artifact id: '24f97b6400f4e1cf9c8667d6ed26f975') in 0.2660054 seconds
Number of updated asset objects reloaded before import = 0Number of asset objects unloaded after import = 1

========================================================================
Received Import Request.
  Time since last request: 0.000049 seconds.
  path: Assets/Samples/XR Interaction Toolkit/3.2.1/Starter Assets/AffordanceThemes/ControllerPokeSphereScale.asset
  artifactKey: Guid(fd784a23f6ef7774a8998adf6e979d04) Importer(2089858483,192608db42251d675da83286b1cce702)
Start importing Assets/Samples/XR Interaction Toolkit/3.2.1/Starter Assets/AffordanceThemes/ControllerPokeSphereScale.asset using Guid(fd784a23f6ef7774a8998adf6e979d04) Importer(2089858483,192608db42251d675da83286b1cce702) (ScriptedImporter) -> (artifact id: '538105adf73f3b7ab64282060b69afbf') in 0.0631186 seconds
Number of updated asset objects reloaded before import = 0Number of asset objects unloaded after import = 1

========================================================================
Received Import Request.
  Time since last request: 0.000035 seconds.
  path: Assets/Samples/XR Interaction Toolkit/3.0.8/Hands Interaction Demo/Shaders/RimLight.shadergraph
  artifactKey: Guid(4ff4bf42ffc12e34a9c53b2f216f5442) Importer(2089858483,192608db42251d675da83286b1cce702)
Start importing Assets/Samples/XR Interaction Toolkit/3.0.8/Hands Interaction Demo/Shaders/RimLight.shadergraph using Guid(4ff4bf42ffc12e34a9c53b2f216f5442) Importer(2089858483,192608db42251d675da83286b1cce702) (ScriptedImporter) -> (artifact id: '6f9860264f0637e035e067aabad6e50e') in 0.2307308 seconds
Number of updated asset objects reloaded before import = 0Number of asset objects unloaded after import = 7

========================================================================
Received Import Request.
  Time since last request: 0.000028 seconds.
  path: Assets/Samples/XR Interaction Toolkit/3.2.1/Starter Assets/TunnelingVignette/TunnelingVignetteHemisphere.fbx
  artifactKey: Guid(5833e680dc0f7ae47aec6b4286570484) Importer(2089858483,192608db42251d675da83286b1cce702)
Start importing Assets/Samples/XR Interaction Toolkit/3.2.1/Starter Assets/TunnelingVignette/TunnelingVignetteHemisphere.fbx using Guid(5833e680dc0f7ae47aec6b4286570484) Importer(2089858483,192608db42251d675da83286b1cce702) (ScriptedImporter) -> (artifact id: 'a5c2649ee3caf4d04d4f9120e94db660') in 0.0967925 seconds
Number of updated asset objects reloaded before import = 0Number of asset objects unloaded after import = 7

========================================================================
Received Import Request.
  Time since last request: 0.000037 seconds.
  path: Assets/Samples/XR Interaction Toolkit/3.2.1/Starter Assets/Scripts/ToggleColorToggler.cs
  artifactKey: Guid(cb280e627cedda749b93045b8dd8d327) Importer(2089858483,192608db42251d675da83286b1cce702)
Start importing Assets/Samples/XR Interaction Toolkit/3.2.1/Starter Assets/Scripts/ToggleColorToggler.cs using Guid(cb280e627cedda749b93045b8dd8d327) Importer(2089858483,192608db42251d675da83286b1cce702) (ScriptedImporter) -> (artifact id: 'fb7ab81bb68fcb91e1fa9b8cde000f0a') in 0.0166157 seconds
Number of updated asset objects reloaded before import = 0Number of asset objects unloaded after import = 0

========================================================================
Received Import Request.
  Time since last request: 0.000025 seconds.
  path: Assets/Samples/XR Interaction Toolkit/3.2.1/Starter Assets/Materials/Telport Area.mat
  artifactKey: Guid(be1e10ce8a6f8cc4fb08d11c7f722469) Importer(2089858483,192608db42251d675da83286b1cce702)
Start importing Assets/Samples/XR Interaction Toolkit/3.2.1/Starter Assets/Materials/Telport Area.mat using Guid(be1e10ce8a6f8cc4fb08d11c7f722469) Importer(2089858483,192608db42251d675da83286b1cce702) (ScriptedImporter) -> (artifact id: '03babd9448e273c3bb555b54fe126ae8') in 0.0301711 seconds
Number of updated asset objects reloaded before import = 0Number of asset objects unloaded after import = 2

========================================================================
Received Import Request.
  Time since last request: 0.000028 seconds.
  path: Assets/Samples/XR Interaction Toolkit/3.2.1/Starter Assets/Presets/XRI Default Snap Turn.preset
  artifactKey: Guid(5d3a60dbf2f04694f9060712df89debb) Importer(2089858483,192608db42251d675da83286b1cce702)
Start importing Assets/Samples/XR Interaction Toolkit/3.2.1/Starter Assets/Presets/XRI Default Snap Turn.preset using Guid(5d3a60dbf2f04694f9060712df89debb) Importer(2089858483,192608db42251d675da83286b1cce702) (ScriptedImporter) -> (artifact id: 'ab486aac38caee8ecd14a82fe4fa0e54') in 0.0476283 seconds
Number of updated asset objects reloaded before import = 0Number of asset objects unloaded after import = 4

========================================================================
Received Import Request.
  Time since last request: 0.000028 seconds.
  path: Assets/Samples/XR Interaction Toolkit/3.2.1/Starter Assets/Editor/StarterAssets.Editor.asmdef
  artifactKey: Guid(9233538b711383d449a485633568d17c) Importer(2089858483,192608db42251d675da83286b1cce702)
Start importing Assets/Samples/XR Interaction Toolkit/3.2.1/Starter Assets/Editor/StarterAssets.Editor.asmdef using Guid(9233538b711383d449a485633568d17c) Importer(2089858483,192608db42251d675da83286b1cce702) (ScriptedImporter) -> (artifact id: '2befde8be9473f6c611f542d25f8eeb1') in 0.0270399 seconds
Number of updated asset objects reloaded before import = 0Number of asset objects unloaded after import = 1

========================================================================
Received Import Request.
  Time since last request: 0.000037 seconds.
  path: Assets/Samples/XR Hands/1.5.1/Gestures/Debug Tools/Materials/Bar.mat
  artifactKey: Guid(c4f565c9a73fdc040bb018837a1727ad) Importer(2089858483,192608db42251d675da83286b1cce702)
Start importing Assets/Samples/XR Hands/1.5.1/Gestures/Debug Tools/Materials/Bar.mat using Guid(c4f565c9a73fdc040bb018837a1727ad) Importer(2089858483,192608db42251d675da83286b1cce702) (ScriptedImporter) -> (artifact id: 'f6017119ab24840e997f17de3ecc9e5a') in 0.0304647 seconds
Number of updated asset objects reloaded before import = 0Number of asset objects unloaded after import = 1

========================================================================
Received Import Request.
  Time since last request: 0.000025 seconds.
  path: Assets/Samples/XR Interaction Toolkit/3.0.8/Hands Interaction Demo/Shaders/Unity_Hand_HDR.shadergraph
  artifactKey: Guid(0f2e4d0d30e2b93488dce2f0124a9b44) Importer(2089858483,192608db42251d675da83286b1cce702)
Start importing Assets/Samples/XR Interaction Toolkit/3.0.8/Hands Interaction Demo/Shaders/Unity_Hand_HDR.shadergraph using Guid(0f2e4d0d30e2b93488dce2f0124a9b44) Importer(2089858483,192608db42251d675da83286b1cce702) (ScriptedImporter) -> (artifact id: 'f5dcaf0d000aa837df731365d7b083a3') in 0.2147896 seconds
Number of updated asset objects reloaded before import = 0Number of asset objects unloaded after import = 10

========================================================================
Received Import Request.
  Time since last request: 0.000033 seconds.
  path: Assets/Samples/XR Interaction Toolkit/3.2.1/Starter Assets/TunnelingVignette/TunnelingVignette.shader
  artifactKey: Guid(e51b4af1e50be764e8de46e07d4e3f3f) Importer(2089858483,192608db42251d675da83286b1cce702)
Start importing Assets/Samples/XR Interaction Toolkit/3.2.1/Starter Assets/TunnelingVignette/TunnelingVignette.shader using Guid(e51b4af1e50be764e8de46e07d4e3f3f) Importer(2089858483,192608db42251d675da83286b1cce702) (ScriptedImporter) -> (artifact id: '9fface8e7b75fc188564fdd935bc11fb') in 0.0279505 seconds
Number of updated asset objects reloaded before import = 0Number of asset objects unloaded after import = 1

========================================================================
Received Prepare
Refreshing native plugins compatible for Editor in 28.29 ms, found 10 plugins.
Preloading 0 native plugins for Editor in 0.00 ms.
Unloading 18 Unused Serialized files (Serialized files now loaded: 0)
Unloading 8252 unused Assets / (5.4 MB). Loaded Objects now: 9238.
Memory consumption went from 177.5 MB to 172.1 MB.
Total: 24.571200 ms (FindLiveObjects: 1.253500 ms CreateObjectMapping: 1.476200 ms MarkObjects: 17.377200 ms  DeleteObjects: 4.462400 ms)

Prepare: number of updated asset objects reloaded= 0
========================================================================
Received Import Request.
  Time since last request: 0.857806 seconds.
  path: Assets/Samples/XR Hands/1.5.1/Gestures/Debug Tools/Scripts/XRFingerShapeDebugUI.cs
  artifactKey: Guid(098454c304f89654e8ac01b04fe6ab5a) Importer(2089858483,192608db42251d675da83286b1cce702)
Start importing Assets/Samples/XR Hands/1.5.1/Gestures/Debug Tools/Scripts/XRFingerShapeDebugUI.cs using Guid(098454c304f89654e8ac01b04fe6ab5a) Importer(2089858483,192608db42251d675da83286b1cce702) (ScriptedImporter) -> (artifact id: '03dab785f2abc28740b10830305b46a2') in 0.0238796 seconds
Number of updated asset objects reloaded before import = 0Number of asset objects unloaded after import = 0

========================================================================
Received Import Request.
  Time since last request: 0.000027 seconds.
  path: Assets/Samples/XR Hands/1.5.1/Gestures/Debug Tools/Scripts/XRHandShapeDebugUI.cs
  artifactKey: Guid(d910c8d9fbee0ff4ca65321d83eda050) Importer(2089858483,192608db42251d675da83286b1cce702)
Start importing Assets/Samples/XR Hands/1.5.1/Gestures/Debug Tools/Scripts/XRHandShapeDebugUI.cs using Guid(d910c8d9fbee0ff4ca65321d83eda050) Importer(2089858483,192608db42251d675da83286b1cce702) (ScriptedImporter) -> (artifact id: '27527a460a2ca7c7cca72376d155578c') in 0.0201145 seconds
Number of updated asset objects reloaded before import = 0Number of asset objects unloaded after import = 0

========================================================================
Received Import Request.
  Time since last request: 0.000026 seconds.
  path: Assets/Samples/XR Hands/1.5.1/Gestures/Debug Tools/Prefabs/State UI.prefab
  artifactKey: Guid(da9ef3d89b30c8e4b97599d266bcc4ba) Importer(2089858483,192608db42251d675da83286b1cce702)
Start importing Assets/Samples/XR Hands/1.5.1/Gestures/Debug Tools/Prefabs/State UI.prefab using Guid(da9ef3d89b30c8e4b97599d266bcc4ba) Importer(2089858483,192608db42251d675da83286b1cce702) (ScriptedImporter) -> (artifact id: '4fbce3977d1f6c4c8d392ceb47457f1a') in 0.1572513 seconds
Number of updated asset objects reloaded before import = 0Number of asset objects unloaded after import = 67

========================================================================
Received Import Request.
  Time since last request: 0.000035 seconds.
  path: Assets/Script/NewMonoBehaviourScript.cs
  artifactKey: Guid(3e2fa1a0fd35f514fbe65dbbb688b92d) Importer(815301076,1909f56bfc062723c751e8b465ee728b)
Start importing Assets/Script/NewMonoBehaviourScript.cs using Guid(3e2fa1a0fd35f514fbe65dbbb688b92d) Importer(815301076,1909f56bfc062723c751e8b465ee728b) (PreviewImporter) -> (artifact id: 'f5fa5b2e5f99e1bacc4c4484c914d0e9') in 0.0010103 seconds
Number of updated asset objects reloaded before import = 0Number of asset objects unloaded after import = 0

========================================================================
Received Import Request.
  Time since last request: 0.000040 seconds.
  path: Assets/Samples/XR Hands/1.5.1/Gestures/Debug Tools/Prefabs/State UI Minimal.prefab
  artifactKey: Guid(77c23f27170d91e4e8cef7759e340a60) Importer(2089858483,192608db42251d675da83286b1cce702)
Start importing Assets/Samples/XR Hands/1.5.1/Gestures/Debug Tools/Prefabs/State UI Minimal.prefab using Guid(77c23f27170d91e4e8cef7759e340a60) Importer(2089858483,192608db42251d675da83286b1cce702) (ScriptedImporter) -> (artifact id: '97a82400593a37e3c9dd480feafff2a6') in 0.0913302 seconds
Number of updated asset objects reloaded before import = 0Number of asset objects unloaded after import = 52

========================================================================
Received Import Request.
  Time since last request: 0.081284 seconds.
  path: Assets/Samples/XR Hands/1.5.1/Gestures/Debug Tools/Scripts/XRSelectedHandShapeDebugUI.cs
  artifactKey: Guid(b0e6a9804f2b24f4c8dee885957dec41) Importer(2089858483,192608db42251d675da83286b1cce702)
Start importing Assets/Samples/XR Hands/1.5.1/Gestures/Debug Tools/Scripts/XRSelectedHandShapeDebugUI.cs using Guid(b0e6a9804f2b24f4c8dee885957dec41) Importer(2089858483,192608db42251d675da83286b1cce702) (ScriptedImporter) -> (artifact id: 'b2d703c253c67ee6e99fb0d34af35bb0') in 0.0196726 seconds
Number of updated asset objects reloaded before import = 0Number of asset objects unloaded after import = 0

========================================================================
Received Import Request.
  Time since last request: 0.000029 seconds.
  path: Assets/Samples/XR Hands/1.5.1/Gestures/Debug Tools/Sprites/Right_Handedness_Icon.png
  artifactKey: Guid(f1b4d52d3b07a4248a1b03ae72fa2b2f) Importer(2089858483,192608db42251d675da83286b1cce702)
Start importing Assets/Samples/XR Hands/1.5.1/Gestures/Debug Tools/Sprites/Right_Handedness_Icon.png using Guid(f1b4d52d3b07a4248a1b03ae72fa2b2f) Importer(2089858483,192608db42251d675da83286b1cce702) (ScriptedImporter)[Licensing::Client] Successfully resolved entitlement details
 -> (artifact id: '833fc5397a1fcfcb100487d5d948ee91') in 0.0971639 seconds
Number of updated asset objects reloaded before import = 0Number of asset objects unloaded after import = 3

========================================================================
Received Prepare
Refreshing native plugins compatible for Editor in 30.87 ms, found 10 plugins.
Preloading 0 native plugins for Editor in 0.00 ms.
Unloading 14 Unused Serialized files (Serialized files now loaded: 0)
Unloading 8251 unused Assets / (5.3 MB). Loaded Objects now: 9238.
Memory consumption went from 176.9 MB to 171.6 MB.
Total: 22.520500 ms (FindLiveObjects: 2.277100 ms CreateObjectMapping: 2.052200 ms MarkObjects: 13.979900 ms  DeleteObjects: 4.209800 ms)

Prepare: number of updated asset objects reloaded= 0
========================================================================
Received Import Request.
  Time since last request: 0.555267 seconds.
  path: Assets/Samples/XR Hands/1.5.1/Gestures/Debug Tools/Sprites/RoundedCornerBackground.png
  artifactKey: Guid(d75122932746a5941b752ab1308e913e) Importer(2089858483,192608db42251d675da83286b1cce702)
Start importing Assets/Samples/XR Hands/1.5.1/Gestures/Debug Tools/Sprites/RoundedCornerBackground.png using Guid(d75122932746a5941b752ab1308e913e) Importer(2089858483,192608db42251d675da83286b1cce702) (ScriptedImporter) -> (artifact id: '0cde77896bd3cb492a508851261bc2ca') in 0.0352769 seconds
Number of updated asset objects reloaded before import = 0Number of asset objects unloaded after import = 3

========================================================================
Received Import Request.
  Time since last request: 0.136466 seconds.
  path: Assets/Samples/XR Hands/1.5.1/Gestures/Debug Tools/Sprites/TipCurl_Icon.png
  artifactKey: Guid(f71bd8f4a538d924d81bf2137b82ccfb) Importer(2089858483,192608db42251d675da83286b1cce702)
Start importing Assets/Samples/XR Hands/1.5.1/Gestures/Debug Tools/Sprites/TipCurl_Icon.png using Guid(f71bd8f4a538d924d81bf2137b82ccfb) Importer(2089858483,192608db42251d675da83286b1cce702) (ScriptedImporter) -> (artifact id: 'ba69bbe42e2f80ef235cd06b183817d3') in 0.0321457 seconds
Number of updated asset objects reloaded before import = 0Number of asset objects unloaded after import = 3

========================================================================
Received Import Request.
  Time since last request: 0.000026 seconds.
  path: Assets/Samples/XR Hands/1.5.1/Gestures/Debug Tools/Sprites/XRHandShape_Icon.png
  artifactKey: Guid(e05351845a4741d4988d20cc54e6a72e) Importer(2089858483,192608db42251d675da83286b1cce702)
Start importing Assets/Samples/XR Hands/1.5.1/Gestures/Debug Tools/Sprites/XRHandShape_Icon.png using Guid(e05351845a4741d4988d20cc54e6a72e) Importer(2089858483,192608db42251d675da83286b1cce702) (ScriptedImporter) -> (artifact id: '105c585773ff225ebcb780d0772729da') in 0.0390373 seconds
Number of updated asset objects reloaded before import = 0Number of asset objects unloaded after import = 3

========================================================================
Received Import Request.
  Time since last request: 0.331315 seconds.
  path: Assets/Samples/XR Hands/1.5.1/Gestures/Examples/Hand Poses/Fist Bump.asset
  artifactKey: Guid(8b21a490579f14243ac2c65d702d0621) Importer(2089858483,192608db42251d675da83286b1cce702)
Start importing Assets/Samples/XR Hands/1.5.1/Gestures/Examples/Hand Poses/Fist Bump.asset using Guid(8b21a490579f14243ac2c65d702d0621) Importer(2089858483,192608db42251d675da83286b1cce702) (ScriptedImporter) -> (artifact id: '1237aeb1403159c6aa5c59d94c0e5e4b') in 0.0492637 seconds
Number of updated asset objects reloaded before import = 0Number of asset objects unloaded after import = 2

========================================================================
Received Import Request.
  Time since last request: 0.000029 seconds.
  path: Assets/Samples/XR Hands/1.5.1/Gestures/Examples/Hand Poses/Open Palm Up.asset
  artifactKey: Guid(e7b5bfc4e711f9049b4ad03ade500a21) Importer(2089858483,192608db42251d675da83286b1cce702)
Start importing Assets/Samples/XR Hands/1.5.1/Gestures/Examples/Hand Poses/Open Palm Up.asset using Guid(e7b5bfc4e711f9049b4ad03ade500a21) Importer(2089858483,192608db42251d675da83286b1cce702) (ScriptedImporter) -> (artifact id: '1973b75751057fe659b2e972a2d40fa0') in 0.046178 seconds
Number of updated asset objects reloaded before import = 0Number of asset objects unloaded after import = 2

========================================================================
Received Import Request.
  Time since last request: 0.284070 seconds.
  path: Assets/Samples/XR Hands/1.5.1/Gestures/Examples/Hand Poses/Point At.asset
  artifactKey: Guid(8ecb1b2f675de454c8d5a427d3311887) Importer(2089858483,192608db42251d675da83286b1cce702)
Start importing Assets/Samples/XR Hands/1.5.1/Gestures/Examples/Hand Poses/Point At.asset using Guid(8ecb1b2f675de454c8d5a427d3311887) Importer(2089858483,192608db42251d675da83286b1cce702) (ScriptedImporter) -> (artifact id: '9c2b4b355fda9a1487fe0e895cd62d00') in 0.0473855 seconds
Number of updated asset objects reloaded before import = 0Number of asset objects unloaded after import = 2

========================================================================
Received Import Request.
  Time since last request: 0.397378 seconds.
  path: Assets/Samples/XR Hands/1.5.1/Gestures/Examples/Hand Poses/Thumbs Up.asset
  artifactKey: Guid(7fdd2afa44a436446bdb55fa7872a77d) Importer(2089858483,192608db42251d675da83286b1cce702)
Start importing Assets/Samples/XR Hands/1.5.1/Gestures/Examples/Hand Poses/Thumbs Up.asset using Guid(7fdd2afa44a436446bdb55fa7872a77d) Importer(2089858483,192608db42251d675da83286b1cce702) (ScriptedImporter) -> (artifact id: '00a848535f764d2c684d85c3ce71e483') in 0.0335354 seconds
Number of updated asset objects reloaded before import = 0Number of asset objects unloaded after import = 2

========================================================================
Received Import Request.
  Time since last request: 0.416302 seconds.
  path: Assets/Samples/XR Hands/1.5.1/Gestures/Examples/Hand Shapes/Open Hand Shape.asset
  artifactKey: Guid(f8cb17f8ab5fc8c4083750c7e3a19f97) Importer(2089858483,192608db42251d675da83286b1cce702)
Start importing Assets/Samples/XR Hands/1.5.1/Gestures/Examples/Hand Shapes/Open Hand Shape.asset using Guid(f8cb17f8ab5fc8c4083750c7e3a19f97) Importer(2089858483,192608db42251d675da83286b1cce702) (ScriptedImporter) -> (artifact id: 'a1acce9f1b26ac0828bb8ebae9b0099c') in 0.0169652 seconds
Number of updated asset objects reloaded before import = 0Number of asset objects unloaded after import = 1

========================================================================
Received Import Request.
  Time since last request: 0.000026 seconds.
  path: Assets/Samples/XR Hands/1.5.1/Gestures/Examples/Hand Shapes/Shaka Hand Shape.asset
  artifactKey: Guid(b1b759cfdab277e42805ae0212c3c9ad) Importer(2089858483,192608db42251d675da83286b1cce702)
Start importing Assets/Samples/XR Hands/1.5.1/Gestures/Examples/Hand Shapes/Shaka Hand Shape.asset using Guid(b1b759cfdab277e42805ae0212c3c9ad) Importer(2089858483,192608db42251d675da83286b1cce702) (ScriptedImporter) -> (artifact id: '977df92373c5aefdd50a42c082b225d7') in 0.0223111 seconds
Number of updated asset objects reloaded before import = 0Number of asset objects unloaded after import = 1

========================================================================
Received Import Request.
  Time since last request: 0.357009 seconds.
  path: Assets/Samples/XR Hands/1.5.1/Gestures/Examples/Hand Shapes/Thumb Signal Hand Shape.asset
  artifactKey: Guid(e863a2a22d6dda740bd9ee2298b3afd5) Importer(2089858483,192608db42251d675da83286b1cce702)
Start importing Assets/Samples/XR Hands/1.5.1/Gestures/Examples/Hand Shapes/Thumb Signal Hand Shape.asset using Guid(e863a2a22d6dda740bd9ee2298b3afd5) Importer(2089858483,192608db42251d675da83286b1cce702) (ScriptedImporter) -> (artifact id: '84bb3d2ed5fa7b00018a52a3daeabb00') in 0.0243666 seconds
Number of updated asset objects reloaded before import = 0Number of asset objects unloaded after import = 1

========================================================================
Received Import Request.
  Time since last request: 0.000036 seconds.
  path: Assets/Samples/XR Hands/1.5.1/Gestures/Examples/Prefabs/One Hand Gesture Detection.prefab
  artifactKey: Guid(1e3ee4ae600696e40ad82498994cf7d1) Importer(2089858483,192608db42251d675da83286b1cce702)
Start importing Assets/Samples/XR Hands/1.5.1/Gestures/Examples/Prefabs/One Hand Gesture Detection.prefab using Guid(1e3ee4ae600696e40ad82498994cf7d1) Importer(2089858483,192608db42251d675da83286b1cce702) (ScriptedImporter) -> (artifact id: '91ebd439d04b44bd1dbf828b0cae867e') in 0.0763962 seconds
Number of updated asset objects reloaded before import = 0Number of asset objects unloaded after import = 184

========================================================================
Received Import Request.
  Time since last request: 0.278669 seconds.
  path: Assets/Samples/XR Hands/1.5.1/Gestures/Examples/Prefabs/One Hand Static Gesture.prefab
  artifactKey: Guid(bc258ea53fad48f44a7a0b57c12be62e) Importer(2089858483,192608db42251d675da83286b1cce702)
Start importing Assets/Samples/XR Hands/1.5.1/Gestures/Examples/Prefabs/One Hand Static Gesture.prefab using Guid(bc258ea53fad48f44a7a0b57c12be62e) Importer(2089858483,192608db42251d675da83286b1cce702) (ScriptedImporter) -> (artifact id: 'd76ce651e6520ea83b99f568db286344') in 0.0992344 seconds
Number of updated asset objects reloaded before import = 0Number of asset objects unloaded after import = 25

========================================================================
Received Import Request.
  Time since last request: 1.142877 seconds.
  path: Assets/Samples/XR Interaction Toolkit/3.0.8/Hands Interaction Demo/HandsDemoSceneAssets/Affordances/Audio.asset
  artifactKey: Guid(57def9352cdee8548bfc9ebc6a55914a) Importer(2089858483,192608db42251d675da83286b1cce702)
Start importing Assets/Samples/XR Interaction Toolkit/3.0.8/Hands Interaction Demo/HandsDemoSceneAssets/Affordances/Audio.asset using Guid(57def9352cdee8548bfc9ebc6a55914a) Importer(2089858483,192608db42251d675da83286b1cce702) (ScriptedImporter) -> (artifact id: '0e53726f1f275efcfcdaca8e10adcccf') in 0.1005461 seconds
Number of updated asset objects reloaded before import = 0Number of asset objects unloaded after import = 3

========================================================================
Received Import Request.
  Time since last request: 0.320669 seconds.
  path: Assets/Samples/XR Interaction Toolkit/3.0.8/Hands Interaction Demo/HandsDemoSceneAssets/Affordances/ChessPieceColor.asset
  artifactKey: Guid(c39d3614cd6089347a01b0743003ae34) Importer(2089858483,192608db42251d675da83286b1cce702)
Start importing Assets/Samples/XR Interaction Toolkit/3.0.8/Hands Interaction Demo/HandsDemoSceneAssets/Affordances/ChessPieceColor.asset using Guid(c39d3614cd6089347a01b0743003ae34) Importer(2089858483,192608db42251d675da83286b1cce702) (ScriptedImporter) -> (artifact id: '0d2db271ec773c09529ae2f2e487cb9e') in 0.0427315 seconds
Number of updated asset objects reloaded before import = 0Number of asset objects unloaded after import = 1

========================================================================
Received Import Request.
  Time since last request: 0.391839 seconds.
  path: Assets/Samples/XR Interaction Toolkit/3.0.8/Hands Interaction Demo/HandsDemoSceneAssets/Audio/ButtonClick.wav
  artifactKey: Guid(eeeda5dce5e1d344f8e2f6195f16cb38) Importer(2089858483,192608db42251d675da83286b1cce702)
Start importing Assets/Samples/XR Interaction Toolkit/3.0.8/Hands Interaction Demo/HandsDemoSceneAssets/Audio/ButtonClick.wav using Guid(eeeda5dce5e1d344f8e2f6195f16cb38) Importer(2089858483,192608db42251d675da83286b1cce702) (ScriptedImporter) -> (artifact id: 'd082b65146304ce3ff7f58d867f7c974') in 0.0548835 seconds
Number of updated asset objects reloaded before import = 0Number of asset objects unloaded after import = 1

========================================================================
Received Import Request.
  Time since last request: 0.000037 seconds.
  path: Assets/Samples/XR Interaction Toolkit/3.0.8/Hands Interaction Demo/HandsDemoSceneAssets/Materials/AccentButton.mat
  artifactKey: Guid(53c16fb5d5c516b40a1f6a8fc34132f3) Importer(2089858483,192608db42251d675da83286b1cce702)
Start importing Assets/Samples/XR Interaction Toolkit/3.0.8/Hands Interaction Demo/HandsDemoSceneAssets/Materials/AccentButton.mat using Guid(53c16fb5d5c516b40a1f6a8fc34132f3) Importer(2089858483,192608db42251d675da83286b1cce702) (ScriptedImporter) -> (artifact id: '785caf8620221cff040dbfdee2cdd7f4') in 0.0260699 seconds
Number of updated asset objects reloaded before import = 0Number of asset objects unloaded after import = 2

========================================================================
Received Import Request.
  Time since last request: 0.299132 seconds.
  path: Assets/Samples/XR Interaction Toolkit/3.0.8/Hands Interaction Demo/HandsDemoSceneAssets/Materials/ChessPiece.mat
  artifactKey: Guid(40808a1b89c64184e9466aaec1fd1ac1) Importer(2089858483,192608db42251d675da83286b1cce702)
Start importing Assets/Samples/XR Interaction Toolkit/3.0.8/Hands Interaction Demo/HandsDemoSceneAssets/Materials/ChessPiece.mat using Guid(40808a1b89c64184e9466aaec1fd1ac1) Importer(2089858483,192608db42251d675da83286b1cce702) (ScriptedImporter) -> (artifact id: '4631223f190b50fd93ea66972a843627') in 0.0267003 seconds
Number of updated asset objects reloaded before import = 0Number of asset objects unloaded after import = 1

========================================================================
Received Import Request.
  Time since last request: 0.000027 seconds.
  path: Assets/Samples/XR Interaction Toolkit/3.0.8/Hands Interaction Demo/HandsDemoSceneAssets/Materials/Controls_Black.mat
  artifactKey: Guid(f95c205049f12cc4cb5bd57dbded286c) Importer(2089858483,192608db42251d675da83286b1cce702)
Start importing Assets/Samples/XR Interaction Toolkit/3.0.8/Hands Interaction Demo/HandsDemoSceneAssets/Materials/Controls_Black.mat using Guid(f95c205049f12cc4cb5bd57dbded286c) Importer(2089858483,192608db42251d675da83286b1cce702) (ScriptedImporter) -> (artifact id: 'c75998b854b013a1edfa0db0e20e472b') in 0.0247028 seconds
Number of updated asset objects reloaded before import = 0Number of asset objects unloaded after import = 1

========================================================================
Received Import Request.
  Time since last request: 0.323170 seconds.
  path: Assets/Script/gameManager1.cs
  artifactKey: Guid(a2451407e9d82cc4e87f733e6b93ca61) Importer(2089858483,192608db42251d675da83286b1cce702)
Start importing Assets/Script/gameManager1.cs using Guid(a2451407e9d82cc4e87f733e6b93ca61) Importer(2089858483,192608db42251d675da83286b1cce702) (ScriptedImporter) -> (artifact id: '4e95454fbd87bfb1aa5b85c9606db1e1') in 0.0197339 seconds
Number of updated asset objects reloaded before import = 0Number of asset objects unloaded after import = 0

========================================================================
Received Import Request.
  Time since last request: 0.000034 seconds.
  path: Assets/Decor/Planets of the Solar System 3D/Materials/URP_Sun_Smoke.mat
  artifactKey: Guid(6a153e0b17949482b8dc5f75d33fce33) Importer(2089858483,192608db42251d675da83286b1cce702)
Start importing Assets/Decor/Planets of the Solar System 3D/Materials/URP_Sun_Smoke.mat using Guid(6a153e0b17949482b8dc5f75d33fce33) Importer(2089858483,192608db42251d675da83286b1cce702) (ScriptedImporter) -> (artifact id: '023b8296021cccca62d6514e71a08c0f') in 0.0564353 seconds
Number of updated asset objects reloaded before import = 0Number of asset objects unloaded after import = 3

========================================================================
Received Import Request.
  Time since last request: 0.000037 seconds.
  path: Assets/Samples/XR Interaction Toolkit/3.2.1/Starter Assets/AffordanceThemes/HighlightStrengthInteraction.asset
  artifactKey: Guid(795305341a8dbbd46ae54e9a01d6ea95) Importer(2089858483,192608db42251d675da83286b1cce702)
Start importing Assets/Samples/XR Interaction Toolkit/3.2.1/Starter Assets/AffordanceThemes/HighlightStrengthInteraction.asset using Guid(795305341a8dbbd46ae54e9a01d6ea95) Importer(2089858483,192608db42251d675da83286b1cce702) (ScriptedImporter) -> (artifact id: '1105e889ae12ef8261e4535ae2ca0d9f') in 0.024076 seconds
Number of updated asset objects reloaded before import = 0Number of asset objects unloaded after import = 1

========================================================================
Received Import Request.
  Time since last request: 0.000043 seconds.
  path: Assets/Samples/XR Interaction Toolkit/3.0.8/Hands Interaction Demo/HandsDemoSceneAssets/Materials/FrameOutline.mat
  artifactKey: Guid(54f7c59213ac02b4d9f00104348dbac3) Importer(2089858483,192608db42251d675da83286b1cce702)
Start importing Assets/Samples/XR Interaction Toolkit/3.0.8/Hands Interaction Demo/HandsDemoSceneAssets/Materials/FrameOutline.mat using Guid(54f7c59213ac02b4d9f00104348dbac3) Importer(2089858483,192608db42251d675da83286b1cce702) (ScriptedImporter) -> (artifact id: 'fa413e2c3ccd7bb6b01bedb7a6b824e5') in 0.0249517 seconds
Number of updated asset objects reloaded before import = 0Number of asset objects unloaded after import = 1

========================================================================
Received Import Request.
  Time since last request: 0.000029 seconds.
  path: Assets/Samples/XR Interaction Toolkit/3.0.8/Hands Interaction Demo/Shaders/Unity_Hand_Noise.shadergraph
  artifactKey: Guid(89a6790c28795dd4987bb267c3d05338) Importer(2089858483,192608db42251d675da83286b1cce702)
Start importing Assets/Samples/XR Interaction Toolkit/3.0.8/Hands Interaction Demo/Shaders/Unity_Hand_Noise.shadergraph using Guid(89a6790c28795dd4987bb267c3d05338) Importer(2089858483,192608db42251d675da83286b1cce702) (ScriptedImporter) -> (artifact id: '220827330133c07940f980f41a17bf67') in 0.0433504 seconds
Number of updated asset objects reloaded before import = 0Number of asset objects unloaded after import = 9

========================================================================
Received Import Request.
  Time since last request: 0.000033 seconds.
  path: Assets/Samples/XR Interaction Toolkit/3.0.8/Hands Interaction Demo/Textures/CombinedFingerIndexHighlight.png
  artifactKey: Guid(323e734c56102e643a829e6f33533314) Importer(2089858483,192608db42251d675da83286b1cce702)
Start importing Assets/Samples/XR Interaction Toolkit/3.0.8/Hands Interaction Demo/Textures/CombinedFingerIndexHighlight.png using Guid(323e734c56102e643a829e6f33533314) Importer(2089858483,192608db42251d675da83286b1cce702) (ScriptedImporter) -> (artifact id: '7a27a33a4123956737fe7903f74eaa14') in 0.0275962 seconds
Number of updated asset objects reloaded before import = 0Number of asset objects unloaded after import = 1

========================================================================
Received Import Request.
  Time since last request: 0.000049 seconds.
  path: Assets/Decor/underwater/Unreal/AcroporaOlive_BaseColor.png
  artifactKey: Guid(edcf185e9a6afa44dbef0fd343a7cd34) Importer(2089858483,192608db42251d675da83286b1cce702)
Start importing Assets/Decor/underwater/Unreal/AcroporaOlive_BaseColor.png using Guid(edcf185e9a6afa44dbef0fd343a7cd34) Importer(2089858483,192608db42251d675da83286b1cce702) (ScriptedImporter) -> (artifact id: '7e26ab65398c9ebf7831d14291565816') in 0.1175687 seconds
Number of updated asset objects reloaded before import = 0Number of asset objects unloaded after import = 1

========================================================================
Received Import Request.
  Time since last request: 0.000069 seconds.
  path: Assets/Samples/XR Interaction Toolkit/3.0.8/Hands Interaction Demo/HandsDemoSceneAssets/Prefabs/PawnController.prefab
  artifactKey: Guid(a5f97d75a3184ad46aef39618607e083) Importer(2089858483,192608db42251d675da83286b1cce702)
Start importing Assets/Samples/XR Interaction Toolkit/3.0.8/Hands Interaction Demo/HandsDemoSceneAssets/Prefabs/PawnController.prefab using Guid(a5f97d75a3184ad46aef39618607e083) Importer(2089858483,192608db42251d675da83286b1cce702) (ScriptedImporter) -> (artifact id: '75acb1ef00f2bd8706540c6ff6ad6864') in 0.4199419 seconds
Number of updated asset objects reloaded before import = 0Number of asset objects unloaded after import = 27

========================================================================
Received Import Request.
  Time since last request: 0.000060 seconds.
  path: Assets/Samples/XR Interaction Toolkit/3.0.8/Hands Interaction Demo/HandsDemoSceneAssets/Prefabs/Arrow.prefab
  artifactKey: Guid(d56cf1aacbea4704cac4d7983df1a0ad) Importer(2089858483,192608db42251d675da83286b1cce702)
Start importing Assets/Samples/XR Interaction Toolkit/3.0.8/Hands Interaction Demo/HandsDemoSceneAssets/Prefabs/Arrow.prefab using Guid(d56cf1aacbea4704cac4d7983df1a0ad) Importer(2089858483,192608db42251d675da83286b1cce702) (ScriptedImporter) -> (artifact id: '39ee72410fcea7e54bf80ab0b4af8913') in 0.1031211 seconds
Number of updated asset objects reloaded before import = 0Number of asset objects unloaded after import = 34

========================================================================
Received Import Request.
  Time since last request: 0.000040 seconds.
  path: Assets/Samples/XR Interaction Toolkit/3.2.1/Starter Assets/Scripts/ClimbTeleportDestinationIndicator.cs
  artifactKey: Guid(e766f86cb7d2461683eb37d8a971fb14) Importer(2089858483,192608db42251d675da83286b1cce702)
Start importing Assets/Samples/XR Interaction Toolkit/3.2.1/Starter Assets/Scripts/ClimbTeleportDestinationIndicator.cs using Guid(e766f86cb7d2461683eb37d8a971fb14) Importer(2089858483,192608db42251d675da83286b1cce702) (ScriptedImporter) -> (artifact id: '184e47f70764baa07d34b2ab9627caa7') in 0.0194253 seconds
Number of updated asset objects reloaded before import = 0Number of asset objects unloaded after import = 0

========================================================================
Received Import Request.
  Time since last request: 0.000029 seconds.
  path: Assets/Samples/XR Interaction Toolkit/3.2.1/Starter Assets/Presets/XRI Default Left Grab Move.preset
  artifactKey: Guid(e2e08fffc3edfbb47a429bae0c5a6343) Importer(2089858483,192608db42251d675da83286b1cce702)
Start importing Assets/Samples/XR Interaction Toolkit/3.2.1/Starter Assets/Presets/XRI Default Left Grab Move.preset using Guid(e2e08fffc3edfbb47a429bae0c5a6343) Importer(2089858483,192608db42251d675da83286b1cce702) (ScriptedImporter) -> (artifact id: '73ff73a8b5335d03cd1e2ce6db7a2bcf') in 0.0371909 seconds
Number of updated asset objects reloaded before import = 0Number of asset objects unloaded after import = 3

========================================================================
Received Import Request.
  Time since last request: 0.000028 seconds.
  path: Assets/Samples/XR Interaction Toolkit/3.0.8/Hands Interaction Demo/HandsDemoSceneAssets/Scripts/ToggleGraphicToggler.cs
  artifactKey: Guid(d3cd1891521c8e143a04e7fd344a64d5) Importer(2089858483,192608db42251d675da83286b1cce702)
Start importing Assets/Samples/XR Interaction Toolkit/3.0.8/Hands Interaction Demo/HandsDemoSceneAssets/Scripts/ToggleGraphicToggler.cs using Guid(d3cd1891521c8e143a04e7fd344a64d5) Importer(2089858483,192608db42251d675da83286b1cce702) (ScriptedImporter) -> (artifact id: 'f7b4287feb86b31b09975fe37c21b2ad') in 0.0219493 seconds
Number of updated asset objects reloaded before import = 0Number of asset objects unloaded after import = 0

========================================================================
Received Import Request.
  Time since last request: 0.000034 seconds.
  path: Assets/Samples/XR Interaction Toolkit/3.2.1/Starter Assets/Scripts/PlatformUnderstanding.cs
  artifactKey: Guid(3ce213c1f32595b4888e78a36e017d3e) Importer(2089858483,192608db42251d675da83286b1cce702)
Start importing Assets/Samples/XR Interaction Toolkit/3.2.1/Starter Assets/Scripts/PlatformUnderstanding.cs using Guid(3ce213c1f32595b4888e78a36e017d3e) Importer(2089858483,192608db42251d675da83286b1cce702) (ScriptedImporter) -> (artifact id: '212579637eec73bd0204eae72fac00f3') in 0.0190475 seconds
Number of updated asset objects reloaded before import = 0Number of asset objects unloaded after import = 0

========================================================================
Received Import Request.
  Time since last request: 0.000050 seconds.
  path: Assets/Samples/XR Interaction Toolkit/3.0.8/Hands Interaction Demo/HandsDemoSceneAssets/Scripts/ObjectResetPlane.cs
  artifactKey: Guid(54ce4268a4182384da360e6e2654d3a6) Importer(2089858483,192608db42251d675da83286b1cce702)
Start importing Assets/Samples/XR Interaction Toolkit/3.0.8/Hands Interaction Demo/HandsDemoSceneAssets/Scripts/ObjectResetPlane.cs using Guid(54ce4268a4182384da360e6e2654d3a6) Importer(2089858483,192608db42251d675da83286b1cce702) (ScriptedImporter) -> (artifact id: 'cb6fee0bd047d00369f7c8978300b60e') in 0.0229425 seconds
Number of updated asset objects reloaded before import = 0Number of asset objects unloaded after import = 0

========================================================================
Received Import Request.
  Time since last request: 0.000037 seconds.
  path: Assets/Samples/XR Interaction Toolkit/3.2.1/Starter Assets/Filters/AnyGazedAtTeleportAnchorFilter.asset
  artifactKey: Guid(0f906c94e2aa0c3488832acc1db04295) Importer(2089858483,192608db42251d675da83286b1cce702)
Start importing Assets/Samples/XR Interaction Toolkit/3.2.1/Starter Assets/Filters/AnyGazedAtTeleportAnchorFilter.asset using Guid(0f906c94e2aa0c3488832acc1db04295) Importer(2089858483,192608db42251d675da83286b1cce702) (ScriptedImporter) -> (artifact id: 'e5fe0d29ea8c21fcf16db7f12d96c73e') in 0.026332 seconds
Number of updated asset objects reloaded before import = 0Number of asset objects unloaded after import = 1

========================================================================
Received Import Request.
  Time since last request: 0.000043 seconds.
  path: Assets/Samples/XR Interaction Toolkit/3.2.1/Starter Assets/Materials/FresnelHighlight.mat
  artifactKey: Guid(f5ccd52dc494e054fbe7d7161dcabe25) Importer(2089858483,192608db42251d675da83286b1cce702)
Start importing Assets/Samples/XR Interaction Toolkit/3.2.1/Starter Assets/Materials/FresnelHighlight.mat using Guid(f5ccd52dc494e054fbe7d7161dcabe25) Importer(2089858483,192608db42251d675da83286b1cce702) (ScriptedImporter) -> (artifact id: '532e3303500660f229cd137e6bde53fd') in 0.0251192 seconds
Number of updated asset objects reloaded before import = 0Number of asset objects unloaded after import = 6

========================================================================
Received Import Request.
  Time since last request: 0.000033 seconds.
  path: Assets/Samples/XR Interaction Toolkit/3.2.1/Starter Assets/Shaders/Interactable.shadergraph
  artifactKey: Guid(0927d29e476ce5843b1f7d2a96943c51) Importer(2089858483,192608db42251d675da83286b1cce702)
Start importing Assets/Samples/XR Interaction Toolkit/3.2.1/Starter Assets/Shaders/Interactable.shadergraph using Guid(0927d29e476ce5843b1f7d2a96943c51) Importer(2089858483,192608db42251d675da83286b1cce702) (ScriptedImporter) -> (artifact id: '277a24986b4f82aa3c8b609f3e29ed6d') in 0.0264648 seconds
Number of updated asset objects reloaded before import = 0Number of asset objects unloaded after import = 5

========================================================================
Received Import Request.
  Time since last request: 0.000036 seconds.
  path: Assets/Samples/XR Interaction Toolkit/3.0.8/Hands Interaction Demo/Shaders/Subgraphs/FadeFromCenter.shadersubgraph
  artifactKey: Guid(42ba907d16ca12e4ea44090883108545) Importer(2089858483,192608db42251d675da83286b1cce702)
Start importing Assets/Samples/XR Interaction Toolkit/3.0.8/Hands Interaction Demo/Shaders/Subgraphs/FadeFromCenter.shadersubgraph using Guid(42ba907d16ca12e4ea44090883108545) Importer(2089858483,192608db42251d675da83286b1cce702) (ScriptedImporter) -> (artifact id: '884e7d92dc92213be2749ee56b0a7ec9') in 0.0281573 seconds
Number of updated asset objects reloaded before import = 0Number of asset objects unloaded after import = 1

========================================================================
Received Import Request.
  Time since last request: 0.000030 seconds.
  path: Assets/Samples/XR Interaction Toolkit/3.2.1/Starter Assets/DemoSceneAssets/Materials/Concrete Light Blue.mat
  artifactKey: Guid(830d28b607e09a2479e2005c2eb5c75e) Importer(2089858483,192608db42251d675da83286b1cce702)
Start importing Assets/Samples/XR Interaction Toolkit/3.2.1/Starter Assets/DemoSceneAssets/Materials/Concrete Light Blue.mat using Guid(830d28b607e09a2479e2005c2eb5c75e) Importer(2089858483,192608db42251d675da83286b1cce702) (ScriptedImporter) -> (artifact id: 'fab46cb206f426175c424ce95ae3b05e') in 0.0253839 seconds
Number of updated asset objects reloaded before import = 0Number of asset objects unloaded after import = 3

========================================================================
Received Import Request.
  Time since last request: 0.000040 seconds.
  path: Assets/Samples/XR Interaction Toolkit/3.2.1/Starter Assets/DemoSceneAssets/Materials/Lit White.mat
  artifactKey: Guid(fc226930e8fad4c499969204cecfbc05) Importer(2089858483,192608db42251d675da83286b1cce702)
Start importing Assets/Samples/XR Interaction Toolkit/3.2.1/Starter Assets/DemoSceneAssets/Materials/Lit White.mat using Guid(fc226930e8fad4c499969204cecfbc05) Importer(2089858483,192608db42251d675da83286b1cce702) (ScriptedImporter) -> (artifact id: 'f4f0c22ee7dda4ce824e4869ca673d07') in 0.0228111 seconds
Number of updated asset objects reloaded before import = 0Number of asset objects unloaded after import = 2

========================================================================
Received Import Request.
  Time since last request: 0.000031 seconds.
  path: Assets/Samples/XR Interaction Toolkit/3.2.1/Starter Assets/DemoSceneAssets/Models/Primitive_Blaster.fbx
  artifactKey: Guid(e8cf87fef9298444ca38948b2c8a4073) Importer(2089858483,192608db42251d675da83286b1cce702)
Start importing Assets/Samples/XR Interaction Toolkit/3.2.1/Starter Assets/DemoSceneAssets/Models/Primitive_Blaster.fbx using Guid(e8cf87fef9298444ca38948b2c8a4073) Importer(2089858483,192608db42251d675da83286b1cce702) (ScriptedImporter) -> (artifact id: '32dcd657f8b7a5d9f76410c6cce7a6d1') in 0.0410134 seconds
Number of updated asset objects reloaded before import = 0Number of asset objects unloaded after import = 8

========================================================================
Received Import Request.
  Time since last request: 0.000044 seconds.
  path: Assets/Samples/XR Interaction Toolkit/3.2.1/Starter Assets/Scripts/DynamicMoveProvider.cs
  artifactKey: Guid(9b1e8c997df241c1a67045eeac79b41b) Importer(2089858483,192608db42251d675da83286b1cce702)
Start importing Assets/Samples/XR Interaction Toolkit/3.2.1/Starter Assets/Scripts/DynamicMoveProvider.cs using Guid(9b1e8c997df241c1a67045eeac79b41b) Importer(2089858483,192608db42251d675da83286b1cce702) (ScriptedImporter) -> (artifact id: 'fb239f6981eb731c206396246c49d1e4') in 0.0215552 seconds
Number of updated asset objects reloaded before import = 0Number of asset objects unloaded after import = 0

========================================================================
Received Import Request.
  Time since last request: 0.000029 seconds.
  path: Assets/Samples/XR Interaction Toolkit/3.0.8/Hands Interaction Demo/Shaders/Subgraphs/AllFingerHighlights.shadersubgraph
  artifactKey: Guid(31b878b1ba6f0f548bacb4ee6ae992e9) Importer(2089858483,192608db42251d675da83286b1cce702)
Start importing Assets/Samples/XR Interaction Toolkit/3.0.8/Hands Interaction Demo/Shaders/Subgraphs/AllFingerHighlights.shadersubgraph using Guid(31b878b1ba6f0f548bacb4ee6ae992e9) Importer(2089858483,192608db42251d675da83286b1cce702) (ScriptedImporter) -> (artifact id: 'dce6e7604a8db41de88032a5c2b097d5') in 0.0239279 seconds
Number of updated asset objects reloaded before import = 0Number of asset objects unloaded after import = 1

========================================================================
Received Import Request.
  Time since last request: 0.000029 seconds.
  path: Assets/Samples/XR Interaction Toolkit/3.2.1/Starter Assets/DemoSceneAssets/Prefabs/Far Grab Samples.prefab
  artifactKey: Guid(f5ee409d69254d64da7a3b74d31a5a40) Importer(2089858483,192608db42251d675da83286b1cce702)
Start importing Assets/Samples/XR Interaction Toolkit/3.2.1/Starter Assets/DemoSceneAssets/Prefabs/Far Grab Samples.prefab using Guid(f5ee409d69254d64da7a3b74d31a5a40) Importer(2089858483,192608db42251d675da83286b1cce702) (ScriptedImporter) -> (artifact id: 'be09123dfda2539536ea10903d8931f3') in 0.0602526 seconds
Number of updated asset objects reloaded before import = 0Number of asset objects unloaded after import = 84

========================================================================
Received Import Request.
  Time since last request: 0.000033 seconds.
  path: Assets/Samples/XR Interaction Toolkit/3.2.1/Starter Assets/DemoSceneAssets/Sprites/Asset.png
  artifactKey: Guid(17d565bb4a7744b41b7e4dc7e3a09e35) Importer(2089858483,192608db42251d675da83286b1cce702)
Start importing Assets/Samples/XR Interaction Toolkit/3.2.1/Starter Assets/DemoSceneAssets/Sprites/Asset.png using Guid(17d565bb4a7744b41b7e4dc7e3a09e35) Importer(2089858483,192608db42251d675da83286b1cce702) (ScriptedImporter) -> (artifact id: 'c72a87c85f0246f7bded44a9a44cc3ed') in 0.0431161 seconds
Number of updated asset objects reloaded before import = 0Number of asset objects unloaded after import = 3

========================================================================
Received Import Request.
  Time since last request: 0.000036 seconds.
  path: Assets/Samples/XR Interaction Toolkit/3.2.1/Starter Assets/DemoSceneAssets/Models/Primitive_Cylinder.fbx
  artifactKey: Guid(73b694bb0f61cd14e9e1ed7b578ac09a) Importer(2089858483,192608db42251d675da83286b1cce702)
Start importing Assets/Samples/XR Interaction Toolkit/3.2.1/Starter Assets/DemoSceneAssets/Models/Primitive_Cylinder.fbx using Guid(73b694bb0f61cd14e9e1ed7b578ac09a) Importer(2089858483,192608db42251d675da83286b1cce702) (ScriptedImporter) -> (artifact id: '129b7f4501e2ba69337c33e998e36053') in 0.032071 seconds
Number of updated asset objects reloaded before import = 0Number of asset objects unloaded after import = 8

========================================================================
Received Import Request.
  Time since last request: 0.000031 seconds.
  path: Assets/Samples/XR Interaction Toolkit/3.2.1/Starter Assets/DemoSceneAssets/Settings/GazeTeleportAnchorFilter.asset
  artifactKey: Guid(14af1242b4be8e2458dd5bee35c06ae5) Importer(2089858483,192608db42251d675da83286b1cce702)
Start importing Assets/Samples/XR Interaction Toolkit/3.2.1/Starter Assets/DemoSceneAssets/Settings/GazeTeleportAnchorFilter.asset using Guid(14af1242b4be8e2458dd5bee35c06ae5) Importer(2089858483,192608db42251d675da83286b1cce702) (ScriptedImporter) -> (artifact id: '46c9ff66359017c75281736ccd47a058') in 0.0229637 seconds
Number of updated asset objects reloaded before import = 0Number of asset objects unloaded after import = 1

========================================================================
Received Import Request.
  Time since last request: 0.000023 seconds.
  path: Assets/Samples/XR Interaction Toolkit/3.0.8/Hands Interaction Demo/HandsDemoSceneAssets/Prefabs/Cube.prefab
  artifactKey: Guid(f5afcb7f49afad5419049090809f5cc7) Importer(2089858483,192608db42251d675da83286b1cce702)
Start importing Assets/Samples/XR Interaction Toolkit/3.0.8/Hands Interaction Demo/HandsDemoSceneAssets/Prefabs/Cube.prefab using Guid(f5afcb7f49afad5419049090809f5cc7) Importer(2089858483,192608db42251d675da83286b1cce702) (ScriptedImporter) -> (artifact id: 'f513dd26b8082c199b503a538a67b38f') in 0.0690111 seconds
Number of updated asset objects reloaded before import = 0Number of asset objects unloaded after import = 23

========================================================================
Received Import Request.
  Time since last request: 0.000033 seconds.
  path: Assets/Samples/XR Interaction Toolkit/3.2.1/Starter Assets/DemoSceneAssets/Textures/Concrete_Metallic.tif
  artifactKey: Guid(f3fb518ec70eb4047b1c6ec34933fbce) Importer(2089858483,192608db42251d675da83286b1cce702)
Start importing Assets/Samples/XR Interaction Toolkit/3.2.1/Starter Assets/DemoSceneAssets/Textures/Concrete_Metallic.tif using Guid(f3fb518ec70eb4047b1c6ec34933fbce) Importer(2089858483,192608db42251d675da83286b1cce702) (ScriptedImporter) -> (artifact id: 'e4faf25363e6581e0584214ae6648445') in 0.0270879 seconds
Number of updated asset objects reloaded before import = 0Number of asset objects unloaded after import = 1

========================================================================
Received Import Request.
  Time since last request: 0.000039 seconds.
  path: Assets/Samples/XR Interaction Toolkit/3.2.1/Starter Assets/Prefabs/Affordances/HighlightInteractionAffordance.prefab
  artifactKey: Guid(6b12f432fa58c224baf0d659706362be) Importer(2089858483,192608db42251d675da83286b1cce702)
Start importing Assets/Samples/XR Interaction Toolkit/3.2.1/Starter Assets/Prefabs/Affordances/HighlightInteractionAffordance.prefab using Guid(6b12f432fa58c224baf0d659706362be) Importer(2089858483,192608db42251d675da83286b1cce702) (ScriptedImporter) -> (artifact id: '66f8041c4c76860439ba47d4a6e007cf') in 0.0662372 seconds
Number of updated asset objects reloaded before import = 0Number of asset objects unloaded after import = 12

========================================================================
Received Import Request.
  Time since last request: 0.000028 seconds.
  path: Assets/Samples/XR Interaction Toolkit/3.2.1/Starter Assets/DemoSceneAssets/Textures/Concrete_Normal.tif
  artifactKey: Guid(cdebec39dbf81a14688e1de8d12897b4) Importer(2089858483,192608db42251d675da83286b1cce702)
Start importing Assets/Samples/XR Interaction Toolkit/3.2.1/Starter Assets/DemoSceneAssets/Textures/Concrete_Normal.tif using Guid(cdebec39dbf81a14688e1de8d12897b4) Importer(2089858483,192608db42251d675da83286b1cce702) (ScriptedImporter) -> (artifact id: '78386eb774e95785c8b3fdd5a4b59009') in 0.0474117 seconds
Number of updated asset objects reloaded before import = 0Number of asset objects unloaded after import = 1

========================================================================
Received Import Request.
  Time since last request: 0.000029 seconds.
  path: Assets/Samples/XR Interaction Toolkit/3.2.1/Starter Assets/Scripts/TeleportVolumeAnchorAffordanceStateLink.cs
  artifactKey: Guid(7da98a0edd844d83b9b4de3f91de030c) Importer(2089858483,192608db42251d675da83286b1cce702)
Start importing Assets/Samples/XR Interaction Toolkit/3.2.1/Starter Assets/Scripts/TeleportVolumeAnchorAffordanceStateLink.cs using Guid(7da98a0edd844d83b9b4de3f91de030c) Importer(2089858483,192608db42251d675da83286b1cce702) (ScriptedImporter) -> (artifact id: '05a718651aea16a06720dd633152bb89') in 0.0275092 seconds
Number of updated asset objects reloaded before import = 0Number of asset objects unloaded after import = 0

========================================================================
Received Import Request.
  Time since last request: 0.000043 seconds.
  path: Assets/Samples/XR Interaction Toolkit/3.2.1/Starter Assets/TunnelingVignette/TunnelingVignette.mat
  artifactKey: Guid(0a35b7e20f75a8540a2c14b9555078cb) Importer(2089858483,192608db42251d675da83286b1cce702)
Start importing Assets/Samples/XR Interaction Toolkit/3.2.1/Starter Assets/TunnelingVignette/TunnelingVignette.mat using Guid(0a35b7e20f75a8540a2c14b9555078cb) Importer(2089858483,192608db42251d675da83286b1cce702) (ScriptedImporter) -> (artifact id: '6496f3e16a27459eb6c36b95376be0b9') in 0.0271143 seconds
Number of updated asset objects reloaded before import = 0Number of asset objects unloaded after import = 1

========================================================================
Received Import Request.
  Time since last request: 0.000026 seconds.
  path: Assets/Decor/underwater/Meshes/BranchCoralWide.fbx
  artifactKey: Guid(ea07b35a3484aa5458a7e92a6d790f30) Importer(2089858483,192608db42251d675da83286b1cce702)
Start importing Assets/Decor/underwater/Meshes/BranchCoralWide.fbx using Guid(ea07b35a3484aa5458a7e92a6d790f30) Importer(2089858483,192608db42251d675da83286b1cce702) (ScriptedImporter) -> (artifact id: '2d43031d8892c1508212d2ba095e92ab') in 0.0499575 seconds
Number of updated asset objects reloaded before import = 0Number of asset objects unloaded after import = 8

========================================================================
Received Import Request.
  Time since last request: 0.000034 seconds.
  path: Assets/Samples/XR Hands/1.5.1/Gestures/Debug Tools/Sprites/Gesture Icons/Fist_L_Icon.png
  artifactKey: Guid(ea0ed8951c7c41e4a9c0493c21c80e16) Importer(2089858483,192608db42251d675da83286b1cce702)
Start importing Assets/Samples/XR Hands/1.5.1/Gestures/Debug Tools/Sprites/Gesture Icons/Fist_L_Icon.png using Guid(ea0ed8951c7c41e4a9c0493c21c80e16) Importer(2089858483,192608db42251d675da83286b1cce702) (ScriptedImporter) -> (artifact id: '5e53f92c30c5a4e9331d98d397f8e69b') in 0.0386562 seconds
Number of updated asset objects reloaded before import = 0Number of asset objects unloaded after import = 3

========================================================================
Received Import Request.
  Time since last request: 0.000123 seconds.
  path: Assets/Samples/XR Hands/1.5.1/Gestures/Debug Tools/Sprites/FingerStateUI/FingerStateUI_Icon_Cross.png
  artifactKey: Guid(66e863f819ab1cb4690f5c214dec8df0) Importer(2089858483,192608db42251d675da83286b1cce702)
Start importing Assets/Samples/XR Hands/1.5.1/Gestures/Debug Tools/Sprites/FingerStateUI/FingerStateUI_Icon_Cross.png using Guid(66e863f819ab1cb4690f5c214dec8df0) Importer(2089858483,192608db42251d675da83286b1cce702) (ScriptedImporter) -> (artifact id: '4a1bd0f589624f1abf93a5d004114f35') in 0.0310863 seconds
Number of updated asset objects reloaded before import = 0Number of asset objects unloaded after import = 3

========================================================================
Received Import Request.
  Time since last request: 0.000041 seconds.
  path: Assets/Samples/XR Hands/1.5.1/Gestures/Debug Tools/Sprites/FingerStateUI/Finger_State_UI_Background_Wide.png
  artifactKey: Guid(d9c85dc0fd744db40937a2550d789aa8) Importer(2089858483,192608db42251d675da83286b1cce702)
Start importing Assets/Samples/XR Hands/1.5.1/Gestures/Debug Tools/Sprites/FingerStateUI/Finger_State_UI_Background_Wide.png using Guid(d9c85dc0fd744db40937a2550d789aa8) Importer(2089858483,192608db42251d675da83286b1cce702) (ScriptedImporter) -> (artifact id: 'f1ffd5eac0104de69f8a287f6a04e836') in 0.0367625 seconds
Number of updated asset objects reloaded before import = 0Number of asset objects unloaded after import = 3

========================================================================
Received Import Request.
  Time since last request: 0.000030 seconds.
  path: Assets/Decor/underwater/Unity/Leafplants_Normal.png
  artifactKey: Guid(88811057252c90343a476070460a73af) Importer(2089858483,192608db42251d675da83286b1cce702)
Start importing Assets/Decor/underwater/Unity/Leafplants_Normal.png using Guid(88811057252c90343a476070460a73af) Importer(2089858483,192608db42251d675da83286b1cce702) (ScriptedImporter) -> (artifact id: '7100666920a81834a97303170be45608') in 0.0442807 seconds
Number of updated asset objects reloaded before import = 0Number of asset objects unloaded after import = 1

========================================================================
Received Import Request.
  Time since last request: 0.000033 seconds.
  path: Assets/Samples/XR Interaction Toolkit/3.0.8/Hands Interaction Demo/HandsDemoSceneAssets/Models/Chess/Chess_Board.fbx
  artifactKey: Guid(714a27c3372b8074d8370e2bc0cecf56) Importer(2089858483,192608db42251d675da83286b1cce702)
Start importing Assets/Samples/XR Interaction Toolkit/3.0.8/Hands Interaction Demo/HandsDemoSceneAssets/Models/Chess/Chess_Board.fbx using Guid(714a27c3372b8074d8370e2bc0cecf56) Importer(2089858483,192608db42251d675da83286b1cce702) (ScriptedImporter) -> (artifact id: 'ac7d9aedafacd914392ce64f2ef8bd02') in 0.1899098 seconds
Number of updated asset objects reloaded before import = 0Number of asset objects unloaded after import = 326

========================================================================
Received Import Request.
  Time since last request: 0.000040 seconds.
  path: Assets/Samples/XR Hands/1.5.1/Gestures/Debug Tools/Sprites/Gesture Icons/Grab_R_Icon.png
  artifactKey: Guid(f208de55da005bd43bcf41b71800efdd) Importer(2089858483,192608db42251d675da83286b1cce702)
Start importing Assets/Samples/XR Hands/1.5.1/Gestures/Debug Tools/Sprites/Gesture Icons/Grab_R_Icon.png using Guid(f208de55da005bd43bcf41b71800efdd) Importer(2089858483,192608db42251d675da83286b1cce702) (ScriptedImporter) -> (artifact id: 'b0bcb24644259952c1afe5f8edc975da') in 0.0368904 seconds
Number of updated asset objects reloaded before import = 0Number of asset objects unloaded after import = 3

========================================================================
Received Import Request.
  Time since last request: 0.000044 seconds.
  path: Assets/Samples/XR Interaction Toolkit/3.0.8/Hands Interaction Demo/HandsDemoSceneAssets/Prefabs/SimpleSocket.prefab
  artifactKey: Guid(aec71f91a8da27d418aa44bd0c543f9b) Importer(2089858483,192608db42251d675da83286b1cce702)
Start importing Assets/Samples/XR Interaction Toolkit/3.0.8/Hands Interaction Demo/HandsDemoSceneAssets/Prefabs/SimpleSocket.prefab using Guid(aec71f91a8da27d418aa44bd0c543f9b) Importer(2089858483,192608db42251d675da83286b1cce702) (ScriptedImporter) -> (artifact id: '190c9f48279e2c5457e09b1defcde16f') in 0.1149625 seconds
Number of updated asset objects reloaded before import = 0Number of asset objects unloaded after import = 26

========================================================================
Received Prepare
Refreshing native plugins compatible for Editor in 21.96 ms, found 10 plugins.
Preloading 0 native plugins for Editor in 0.00 ms.
Unloading 14 Unused Serialized files (Serialized files now loaded: 0)
Unloading 8252 unused Assets / (6.3 MB). Loaded Objects now: 9240.
Memory consumption went from 176.9 MB to 170.6 MB.
Total: 26.639900 ms (FindLiveObjects: 1.059900 ms CreateObjectMapping: 1.542800 ms MarkObjects: 17.603100 ms  DeleteObjects: 6.431600 ms)

Prepare: number of updated asset objects reloaded= 0
========================================================================
Received Import Request.
  Time since last request: 0.529679 seconds.
  path: Assets/Samples/XR Interaction Toolkit/3.2.1/Starter Assets/DemoSceneAssets/Prefabs/Climb/Climb Sample.prefab
  artifactKey: Guid(2ea572d587ee60f44bd5baa3bc2d6503) Importer(2089858483,192608db42251d675da83286b1cce702)
Start importing Assets/Samples/XR Interaction Toolkit/3.2.1/Starter Assets/DemoSceneAssets/Prefabs/Climb/Climb Sample.prefab using Guid(2ea572d587ee60f44bd5baa3bc2d6503) Importer(2089858483,192608db42251d675da83286b1cce702) (ScriptedImporter) -> (artifact id: '604f52873056df49788a6dce1512c4f2') in 0.106811 seconds
Number of updated asset objects reloaded before import = 0Number of asset objects unloaded after import = 792

========================================================================
Received Import Request.
  Time since last request: 0.000035 seconds.
  path: Assets/Samples/XR Interaction Toolkit/3.2.1/Starter Assets/DemoSceneAssets/Prefabs/Interactables/Blaser.prefab
  artifactKey: Guid(3549fdaf258e11846b85a316c16c699c) Importer(2089858483,192608db42251d675da83286b1cce702)
Start importing Assets/Samples/XR Interaction Toolkit/3.2.1/Starter Assets/DemoSceneAssets/Prefabs/Interactables/Blaser.prefab using Guid(3549fdaf258e11846b85a316c16c699c) Importer(2089858483,192608db42251d675da83286b1cce702) (ScriptedImporter) -> (artifact id: '4315619f9bd306533cf5fde2f90fb96e') in 0.0614667 seconds
Number of updated asset objects reloaded before import = 0Number of asset objects unloaded after import = 31

========================================================================
Received Import Request.
  Time since last request: 0.000035 seconds.
  path: Assets/Samples/XR Interaction Toolkit/3.2.1/Starter Assets/DemoSceneAssets/Prefabs/Interactables/Torus-Cut.prefab
  artifactKey: Guid(833cb867d186193418fc107735ae3139) Importer(2089858483,192608db42251d675da83286b1cce702)
Start importing Assets/Samples/XR Interaction Toolkit/3.2.1/Starter Assets/DemoSceneAssets/Prefabs/Interactables/Torus-Cut.prefab using Guid(833cb867d186193418fc107735ae3139) Importer(2089858483,192608db42251d675da83286b1cce702) (ScriptedImporter) -> (artifact id: 'c4a9ddb722b72cbe3b04bd33866b97e1') in 0.0665501 seconds
Number of updated asset objects reloaded before import = 0Number of asset objects unloaded after import = 24

========================================================================
Received Import Request.
  Time since last request: 0.000043 seconds.
  path: Assets/Samples/XR Interaction Toolkit/3.0.8/Hands Interaction Demo/HandsDemoSceneAssets/Prefabs/UI/ScrollHandMenu.prefab
  artifactKey: Guid(30194602712a0eb4980318e2379d1bb8) Importer(2089858483,192608db42251d675da83286b1cce702)
Start importing Assets/Samples/XR Interaction Toolkit/3.0.8/Hands Interaction Demo/HandsDemoSceneAssets/Prefabs/UI/ScrollHandMenu.prefab using Guid(30194602712a0eb4980318e2379d1bb8) Importer(2089858483,192608db42251d675da83286b1cce702) (ScriptedImporter) -> (artifact id: 'afa80968bfcf38626408fce26f568a41') in 0.132466 seconds
Number of updated asset objects reloaded before import = 0Number of asset objects unloaded after import = 243

========================================================================
Received Import Request.
  Time since last request: 0.000050 seconds.
  path: Assets/Script/gameManager2.cs
  artifactKey: Guid(3e2fa1a0fd35f514fbe65dbbb688b92d) Importer(815301076,1909f56bfc062723c751e8b465ee728b)
Start importing Assets/Script/gameManager2.cs using Guid(3e2fa1a0fd35f514fbe65dbbb688b92d) Importer(815301076,1909f56bfc062723c751e8b465ee728b) (PreviewImporter) -> (artifact id: 'd4973c72b2a1121d64fb0e762ceba7cd') in 0.0009018 seconds
Number of updated asset objects reloaded before import = 0Number of asset objects unloaded after import = 0

========================================================================
Received Import Request.
  Time since last request: 0.000033 seconds.
  path: Assets/Samples/XR Interaction Toolkit/3.2.1/Starter Assets/DemoSceneAssets/Prefabs/Interactables/Confetti.prefab
  artifactKey: Guid(7942e6544a2b2ae48bcf988d9aed838d) Importer(2089858483,192608db42251d675da83286b1cce702)
Start importing Assets/Samples/XR Interaction Toolkit/3.2.1/Starter Assets/DemoSceneAssets/Prefabs/Interactables/Confetti.prefab using Guid(7942e6544a2b2ae48bcf988d9aed838d) Importer(2089858483,192608db42251d675da83286b1cce702) (ScriptedImporter) -> (artifact id: 'df25402713e93dd107baf6d4c3a7bc6a') in 0.1627658 seconds
Number of updated asset objects reloaded before import = 0Number of asset objects unloaded after import = 6

========================================================================
Received Import Request.
  Time since last request: 0.000049 seconds.
  path: Assets/Samples/XR Interaction Toolkit/3.2.1/Starter Assets/DemoSceneAssets/Prefabs/UI/TextButton.prefab
  artifactKey: Guid(e5db301629853dd4a99835fa70099d79) Importer(2089858483,192608db42251d675da83286b1cce702)
Start importing Assets/Samples/XR Interaction Toolkit/3.2.1/Starter Assets/DemoSceneAssets/Prefabs/UI/TextButton.prefab using Guid(e5db301629853dd4a99835fa70099d79) Importer(2089858483,192608db42251d675da83286b1cce702) (ScriptedImporter) -> (artifact id: '44ea4cec9a91b145882ed1932e04a781') in 0.1025162 seconds
Number of updated asset objects reloaded before import = 0Number of asset objects unloaded after import = 24

========================================================================
Received Import Request.
  Time since last request: 0.000032 seconds.
  path: Assets/Samples/XR Interaction Toolkit/3.2.1/Starter Assets/DemoSceneAssets/Prefabs/UI/Dropdown.prefab
  artifactKey: Guid(870459f1cb8d7b7428337cc5935feb67) Importer(2089858483,192608db42251d675da83286b1cce702)
Start importing Assets/Samples/XR Interaction Toolkit/3.2.1/Starter Assets/DemoSceneAssets/Prefabs/UI/Dropdown.prefab using Guid(870459f1cb8d7b7428337cc5935feb67) Importer(2089858483,192608db42251d675da83286b1cce702) (ScriptedImporter) -> (artifact id: 'b1f54b28ee2a370b1667b000d1bec8c0') in 0.0654916 seconds
Number of updated asset objects reloaded before import = 0Number of asset objects unloaded after import = 61

========================================================================
Received Prepare
Begin MonoManager ReloadAssembly
[Licensing::Client] Successfully resolved entitlement details
Symbol file LoadedFromMemory is not a mono symbol file
- Loaded All Assemblies, in  1.316 seconds
Refreshing native plugins compatible for Editor in 25.57 ms, found 10 plugins.
Native extension for Android target not found
Native extension for WindowsStandalone target not found
[Package Manager] Failed to launch server process. Reason: Unity was launched with the -noUpm command-line argument
[Package Manager] Unable to send message (not connected to server process).
[Package Manager] Cannot connect to Unity Package Manager local server
[Package Manager] Failed to launch server process. Reason: Unity was launched with the -noUpm command-line argument
[Package Manager] Unable to send message (not connected to server process).
[Package Manager] Cannot connect to Unity Package Manager local server
Failed to get package versions: Cannot connect to Unity Package Manager local server
UnityEngine.Debug:ExtractStackTraceNoAlloc (byte*,int,string)
UnityEngine.StackTraceUtility:ExtractStackTrace ()
UnityEngine.DebugLogHandler:Internal_Log (UnityEngine.LogType,UnityEngine.LogOption,string,UnityEngine.Object)
UnityEngine.DebugLogHandler:LogFormat (UnityEngine.LogType,UnityEngine.Object,string,object[])
UnityEngine.Logger:Log (UnityEngine.LogType,object)
UnityEngine.Debug:LogWarning (object)
Unity.XR.CoreUtils.Editor.PackageVersionUtility:UpdatePackageVersions () (at ./Library/PackageCache/com.unity.xr.core-utils@f0450cbac8d6/Editor/ProjectValidation/PackageVersionUtility.cs:59)
Unity.XR.CoreUtils.Editor.PackageVersionUtility:GetPackageVersion (string) (at ./Library/PackageCache/com.unity.xr.core-utils@f0450cbac8d6/Editor/ProjectValidation/PackageVersionUtility.cs:77)
UnityEditor.XR.Interaction.Toolkit.Samples.Hands.Editor.HandsSampleProjectValidation:.cctor () (at Assets/Samples/XR Interaction Toolkit/3.0.8/Hands Interaction Demo/Editor/Scripts/HandsSampleProjectValidation.cs:34)
System.Reflection.RuntimeMethodInfo:Invoke (object,System.Reflection.BindingFlags,System.Reflection.Binder,object[],System.Globalization.CultureInfo)
System.Reflection.MethodBase:Invoke (object,object[])
UnityEditor.EditorAssemblies:ProcessInitializeOnLoadMethodAttributes ()

(Filename: ./Library/PackageCache/com.unity.xr.core-utils@f0450cbac8d6/Editor/ProjectValidation/PackageVersionUtility.cs Line: 59)

Mono: successfully reloaded assembly
[Package Manager] Failed to launch server process. Reason: Unity was launched with the -noUpm command-line argument
[Package Manager] Unable to send message (not connected to server process).
[Package Manager] Cannot connect to Unity Package Manager local server
- Finished resetting the current domain, in  1.563 seconds
Domain Reload Profiling: 2878ms
	BeginReloadAssembly (391ms)
		ExecutionOrderSort (0ms)
		DisableScriptedObjects (32ms)
		BackupInstance (0ms)
		ReleaseScriptingObjects (0ms)
		CreateAndSetChildDomain (149ms)
	RebuildCommonClasses (46ms)
	RebuildNativeTypeToScriptingClass (16ms)
	initialDomainReloadingComplete (40ms)
	LoadAllAssembliesAndSetupDomain (821ms)
		LoadAssemblies (601ms)
		RebuildTransferFunctionScriptingTraits (0ms)
		AnalyzeDomain (347ms)
			TypeCache.Refresh (14ms)
				TypeCache.ScanAssembly (1ms)
			BuildScriptInfoCaches (309ms)
			ResolveRequiredComponents (18ms)
	FinalizeReload (1564ms)
		ReleaseScriptCaches (0ms)
		RebuildScriptCaches (0ms)
		SetupLoadedEditorAssemblies (1287ms)
			LogAssemblyErrors (0ms)
			InitializePlatformSupportModulesInManaged (16ms)
			SetLoadedEditorAssemblies (13ms)
			BeforeProcessingInitializeOnLoad (288ms)
			ProcessInitializeOnLoadAttributes (610ms)
			ProcessInitializeOnLoadMethodAttributes (352ms)
			AfterProcessingInitializeOnLoad (7ms)
			EditorAssembliesLoaded (1ms)
		ExecutionOrderSort2 (0ms)
		AwakeInstancesAfterBackupRestoration (21ms)
Refreshing native plugins compatible for Editor in 22.40 ms, found 10 plugins.
Preloading 0 native plugins for Editor in 0.00 ms.
Unloading 14 Unused Serialized files (Serialized files now loaded: 0)
Unloading 8350 unused Assets / (5.4 MB). Loaded Objects now: 9136.
Memory consumption went from 201.4 MB to 196.0 MB.
Total: 18.122700 ms (FindLiveObjects: 0.939800 ms CreateObjectMapping: 1.066000 ms MarkObjects: 11.875600 ms  DeleteObjects: 4.239700 ms)

Prepare: number of updated asset objects reloaded= 0
========================================================================
Received Prepare
Refreshing native plugins compatible for Editor in 24.54 ms, found 10 plugins.
Preloading 0 native plugins for Editor in 0.00 ms.
Unloading 14 Unused Serialized files (Serialized files now loaded: 0)
Unloading 8251 unused Assets / (6.2 MB). Loaded Objects now: 9124.
Memory consumption went from 170.8 MB to 164.6 MB.
Total: 19.985100 ms (FindLiveObjects: 1.423600 ms CreateObjectMapping: 1.510600 ms MarkObjects: 12.054300 ms  DeleteObjects: 4.994500 ms)

Prepare: number of updated asset objects reloaded= 0
========================================================================
Received Prepare
Begin MonoManager ReloadAssembly
[Licensing::Client] Successfully resolved entitlement details
Symbol file LoadedFromMemory is not a mono symbol file
- Loaded All Assemblies, in  0.940 seconds
Refreshing native plugins compatible for Editor in 22.53 ms, found 10 plugins.
Native extension for Android target not found
Native extension for WindowsStandalone target not found
[Package Manager] Failed to launch server process. Reason: Unity was launched with the -noUpm command-line argument
[Package Manager] Unable to send message (not connected to server process).
[Package Manager] Cannot connect to Unity Package Manager local server
[Package Manager] Failed to launch server process. Reason: Unity was launched with the -noUpm command-line argument
[Package Manager] Unable to send message (not connected to server process).
[Package Manager] Cannot connect to Unity Package Manager local server
Failed to get package versions: Cannot connect to Unity Package Manager local server
UnityEngine.Debug:ExtractStackTraceNoAlloc (byte*,int,string)
UnityEngine.StackTraceUtility:ExtractStackTrace ()
UnityEngine.DebugLogHandler:Internal_Log (UnityEngine.LogType,UnityEngine.LogOption,string,UnityEngine.Object)
UnityEngine.DebugLogHandler:LogFormat (UnityEngine.LogType,UnityEngine.Object,string,object[])
UnityEngine.Logger:Log (UnityEngine.LogType,object)
UnityEngine.Debug:LogWarning (object)
Unity.XR.CoreUtils.Editor.PackageVersionUtility:UpdatePackageVersions () (at ./Library/PackageCache/com.unity.xr.core-utils@f0450cbac8d6/Editor/ProjectValidation/PackageVersionUtility.cs:59)
Unity.XR.CoreUtils.Editor.PackageVersionUtility:GetPackageVersion (string) (at ./Library/PackageCache/com.unity.xr.core-utils@f0450cbac8d6/Editor/ProjectValidation/PackageVersionUtility.cs:77)
UnityEditor.XR.Interaction.Toolkit.Samples.Hands.Editor.HandsSampleProjectValidation:.cctor () (at Assets/Samples/XR Interaction Toolkit/3.0.8/Hands Interaction Demo/Editor/Scripts/HandsSampleProjectValidation.cs:34)
System.Reflection.RuntimeMethodInfo:Invoke (object,System.Reflection.BindingFlags,System.Reflection.Binder,object[],System.Globalization.CultureInfo)
System.Reflection.MethodBase:Invoke (object,object[])
UnityEditor.EditorAssemblies:ProcessInitializeOnLoadMethodAttributes ()

(Filename: ./Library/PackageCache/com.unity.xr.core-utils@f0450cbac8d6/Editor/ProjectValidation/PackageVersionUtility.cs Line: 59)

Mono: successfully reloaded assembly
[Package Manager] Failed to launch server process. Reason: Unity was launched with the -noUpm command-line argument
[Package Manager] Unable to send message (not connected to server process).
[Package Manager] Cannot connect to Unity Package Manager local server
- Finished resetting the current domain, in  1.142 seconds
Domain Reload Profiling: 2083ms
	BeginReloadAssembly (231ms)
		ExecutionOrderSort (0ms)
		DisableScriptedObjects (8ms)
		BackupInstance (0ms)
		ReleaseScriptingObjects (0ms)
		CreateAndSetChildDomain (62ms)
	RebuildCommonClasses (36ms)
	RebuildNativeTypeToScriptingClass (13ms)
	initialDomainReloadingComplete (32ms)
	LoadAllAssembliesAndSetupDomain (628ms)
		LoadAssemblies (440ms)
		RebuildTransferFunctionScriptingTraits (0ms)
		AnalyzeDomain (282ms)
			TypeCache.Refresh (14ms)
				TypeCache.ScanAssembly (1ms)
			BuildScriptInfoCaches (244ms)
			ResolveRequiredComponents (18ms)
	FinalizeReload (1143ms)
		ReleaseScriptCaches (0ms)
		RebuildScriptCaches (0ms)
		SetupLoadedEditorAssemblies (931ms)
			LogAssemblyErrors (0ms)
			InitializePlatformSupportModulesInManaged (11ms)
			SetLoadedEditorAssemblies (8ms)
			BeforeProcessingInitializeOnLoad (187ms)
			ProcessInitializeOnLoadAttributes (463ms)
			ProcessInitializeOnLoadMethodAttributes (256ms)
			AfterProcessingInitializeOnLoad (5ms)
			EditorAssembliesLoaded (0ms)
		ExecutionOrderSort2 (0ms)
		AwakeInstancesAfterBackupRestoration (15ms)
Refreshing native plugins compatible for Editor in 17.23 ms, found 10 plugins.
Preloading 0 native plugins for Editor in 0.00 ms.
Unloading 14 Unused Serialized files (Serialized files now loaded: 0)
Unloading 8348 unused Assets / (5.6 MB). Loaded Objects now: 9139.
Memory consumption went from 201.3 MB to 195.8 MB.
Total: 13.427500 ms (FindLiveObjects: 0.830100 ms CreateObjectMapping: 0.513400 ms MarkObjects: 8.420500 ms  DeleteObjects: 3.662000 ms)

Prepare: number of updated asset objects reloaded= 0
========================================================================
Received Import Request.
  Time since last request: 422.209088 seconds.
  path: Assets/Prefab/plateformeMinigame2.prefab
  artifactKey: Guid(b55c28690f9a291448ad4f5cb5cdaab7) Importer(815301076,1909f56bfc062723c751e8b465ee728b)
Start importing Assets/Prefab/plateformeMinigame2.prefab using Guid(b55c28690f9a291448ad4f5cb5cdaab7) Importer(815301076,1909f56bfc062723c751e8b465ee728b) (PreviewImporter) -> (artifact id: '15ca24a010881fff12dcbbb3b75ff401') in 0.4939002 seconds
Number of updated asset objects reloaded before import = 0Number of asset objects unloaded after import = 11

========================================================================
Received Prepare
Refreshing native plugins compatible for Editor in 28.26 ms, found 10 plugins.
Preloading 0 native plugins for Editor in 0.00 ms.
Unloading 14 Unused Serialized files (Serialized files now loaded: 0)
Unloading 8252 unused Assets / (5.5 MB). Loaded Objects now: 9271.
Memory consumption went from 175.4 MB to 169.9 MB.
Total: 23.708100 ms (FindLiveObjects: 1.365300 ms CreateObjectMapping: 1.066900 ms MarkObjects: 16.182900 ms  DeleteObjects: 5.091000 ms)

Prepare: number of updated asset objects reloaded= 0
========================================================================
Received Prepare
Begin MonoManager ReloadAssembly
[Licensing::Client] Successfully resolved entitlement details
Symbol file LoadedFromMemory is not a mono symbol file
- Loaded All Assemblies, in  1.239 seconds
Refreshing native plugins compatible for Editor in 21.35 ms, found 10 plugins.
Native extension for Android target not found
Native extension for WindowsStandalone target not found
[Package Manager] Failed to launch server process. Reason: Unity was launched with the -noUpm command-line argument
[Package Manager] Unable to send message (not connected to server process).
[Package Manager] Cannot connect to Unity Package Manager local server
[Package Manager] Failed to launch server process. Reason: Unity was launched with the -noUpm command-line argument
[Package Manager] Unable to send message (not connected to server process).
[Package Manager] Cannot connect to Unity Package Manager local server
Failed to get package versions: Cannot connect to Unity Package Manager local server
UnityEngine.Debug:ExtractStackTraceNoAlloc (byte*,int,string)
UnityEngine.StackTraceUtility:ExtractStackTrace ()
UnityEngine.DebugLogHandler:Internal_Log (UnityEngine.LogType,UnityEngine.LogOption,string,UnityEngine.Object)
UnityEngine.DebugLogHandler:LogFormat (UnityEngine.LogType,UnityEngine.Object,string,object[])
UnityEngine.Logger:Log (UnityEngine.LogType,object)
UnityEngine.Debug:LogWarning (object)
Unity.XR.CoreUtils.Editor.PackageVersionUtility:UpdatePackageVersions () (at ./Library/PackageCache/com.unity.xr.core-utils@f0450cbac8d6/Editor/ProjectValidation/PackageVersionUtility.cs:59)
Unity.XR.CoreUtils.Editor.PackageVersionUtility:GetPackageVersion (string) (at ./Library/PackageCache/com.unity.xr.core-utils@f0450cbac8d6/Editor/ProjectValidation/PackageVersionUtility.cs:77)
UnityEditor.XR.Interaction.Toolkit.Samples.Hands.Editor.HandsSampleProjectValidation:.cctor () (at Assets/Samples/XR Interaction Toolkit/3.0.8/Hands Interaction Demo/Editor/Scripts/HandsSampleProjectValidation.cs:34)
System.Reflection.RuntimeMethodInfo:Invoke (object,System.Reflection.BindingFlags,System.Reflection.Binder,object[],System.Globalization.CultureInfo)
System.Reflection.MethodBase:Invoke (object,object[])
UnityEditor.EditorAssemblies:ProcessInitializeOnLoadMethodAttributes ()

(Filename: ./Library/PackageCache/com.unity.xr.core-utils@f0450cbac8d6/Editor/ProjectValidation/PackageVersionUtility.cs Line: 59)

Mono: successfully reloaded assembly
[Package Manager] Failed to launch server process. Reason: Unity was launched with the -noUpm command-line argument
[Package Manager] Unable to send message (not connected to server process).
[Package Manager] Cannot connect to Unity Package Manager local server
- Finished resetting the current domain, in  1.153 seconds
Domain Reload Profiling: 2386ms
	BeginReloadAssembly (309ms)
		ExecutionOrderSort (0ms)
		DisableScriptedObjects (29ms)
		BackupInstance (0ms)
		ReleaseScriptingObjects (0ms)
		CreateAndSetChildDomain (86ms)
	RebuildCommonClasses (59ms)
	RebuildNativeTypeToScriptingClass (21ms)
	initialDomainReloadingComplete (45ms)
	LoadAllAssembliesAndSetupDomain (800ms)
		LoadAssemblies (562ms)
		RebuildTransferFunctionScriptingTraits (0ms)
		AnalyzeDomain (358ms)
			TypeCache.Refresh (13ms)
				TypeCache.ScanAssembly (1ms)
			BuildScriptInfoCaches (323ms)
			ResolveRequiredComponents (17ms)
	FinalizeReload (1153ms)
		ReleaseScriptCaches (0ms)
		RebuildScriptCaches (0ms)
		SetupLoadedEditorAssemblies (919ms)
			LogAssemblyErrors (0ms)
			InitializePlatformSupportModulesInManaged (11ms)
			SetLoadedEditorAssemblies (7ms)
			BeforeProcessingInitializeOnLoad (185ms)
			ProcessInitializeOnLoadAttributes (444ms)
			ProcessInitializeOnLoadMethodAttributes (265ms)
			AfterProcessingInitializeOnLoad (6ms)
			EditorAssembliesLoaded (1ms)
		ExecutionOrderSort2 (0ms)
		AwakeInstancesAfterBackupRestoration (17ms)
Refreshing native plugins compatible for Editor in 16.57 ms, found 10 plugins.
Preloading 0 native plugins for Editor in 0.00 ms.
Unloading 14 Unused Serialized files (Serialized files now loaded: 0)
Unloading 8348 unused Assets / (5.1 MB). Loaded Objects now: 9162.
Memory consumption went from 201.6 MB to 196.5 MB.
Total: 13.565400 ms (FindLiveObjects: 0.828500 ms CreateObjectMapping: 0.538800 ms MarkObjects: 9.044800 ms  DeleteObjects: 3.151900 ms)

Prepare: number of updated asset objects reloaded= 0
========================================================================
Received Import Request.
  Time since last request: 929.900502 seconds.
  path: Assets/Material
  artifactKey: Guid(dcef7a86524880940a878794ef7132dd) Importer(815301076,1909f56bfc062723c751e8b465ee728b)
Start importing Assets/Material using Guid(dcef7a86524880940a878794ef7132dd) Importer(815301076,1909f56bfc062723c751e8b465ee728b) (PreviewImporter) -> (artifact id: 'fd2e5749199a8ab3da5410300082464d') in 0.0024126 seconds
Number of updated asset objects reloaded before import = 0Number of asset objects unloaded after import = 0

========================================================================
Received Import Request.
  Time since last request: 1.529462 seconds.
  path: Assets/Decor
  artifactKey: Guid(13064308fb9ccf44a801a8a8e939d78f) Importer(815301076,1909f56bfc062723c751e8b465ee728b)
Start importing Assets/Decor using Guid(13064308fb9ccf44a801a8a8e939d78f) Importer(815301076,1909f56bfc062723c751e8b465ee728b) (PreviewImporter) -> (artifact id: '203bc4e923df12813c44486d125b6716') in 0.0005927 seconds
Number of updated asset objects reloaded before import = 0Number of asset objects unloaded after import = 0

========================================================================
Received Import Request.
  Time since last request: 11.788250 seconds.
  path: Assets/TV and Table.fbx
  artifactKey: Guid(1aa192e45efea69438deaeeb32175856) Importer(815301076,1909f56bfc062723c751e8b465ee728b)
Start importing Assets/TV and Table.fbx using Guid(1aa192e45efea69438deaeeb32175856) Importer(815301076,1909f56bfc062723c751e8b465ee728b) (PreviewImporter) -> (artifact id: 'b5f2babe45d619fcaf70b5457d496011') in 0.771423 seconds
Number of updated asset objects reloaded before import = 0Number of asset objects unloaded after import = 12

========================================================================
Received Import Request.
  Time since last request: 54.565283 seconds.
  path: Assets/Prefab/tv_low.prefab
  artifactKey: Guid(e74aedacd9b45de4fbe5d206ed08f838) Importer(815301076,1909f56bfc062723c751e8b465ee728b)
Start importing Assets/Prefab/tv_low.prefab using Guid(e74aedacd9b45de4fbe5d206ed08f838) Importer(815301076,1909f56bfc062723c751e8b465ee728b) (PreviewImporter) -> (artifact id: 'dc57a3a135522f6dfc537c9e35085705') in 0.0164249 seconds
Number of updated asset objects reloaded before import = 0Number of asset objects unloaded after import = 7

========================================================================
Received Import Request.
  Time since last request: 409.663044 seconds.
  path: Assets/Scenes/TV.blend
  artifactKey: Guid(fa4df62bbfb1efb4c84ab489c61d5038) Importer(815301076,1909f56bfc062723c751e8b465ee728b)
Start importing Assets/Scenes/TV.blend using Guid(fa4df62bbfb1efb4c84ab489c61d5038) Importer(815301076,1909f56bfc062723c751e8b465ee728b) (PreviewImporter) -> (artifact id: 'c9cef3941345577f165c903a23070c8b') in 0.0015194 seconds
Number of updated asset objects reloaded before import = 0Number of asset objects unloaded after import = 1

========================================================================
Received Import Request.
  Time since last request: 68.856703 seconds.
  path: Assets/Script/gameManager2.cs
  artifactKey: Guid(3e2fa1a0fd35f514fbe65dbbb688b92d) Importer(815301076,1909f56bfc062723c751e8b465ee728b)
Start importing Assets/Script/gameManager2.cs using Guid(3e2fa1a0fd35f514fbe65dbbb688b92d) Importer(815301076,1909f56bfc062723c751e8b465ee728b) (PreviewImporter) -> (artifact id: 'ecd95692ebe0a9a2ba8604f00ffbe34e') in 0.0007749 seconds
Number of updated asset objects reloaded before import = 0Number of asset objects unloaded after import = 0

========================================================================
Received Import Request.
  Time since last request: 1.174595 seconds.
  path: Assets/Decor/TV and Table.fbx
  artifactKey: Guid(1aa192e45efea69438deaeeb32175856) Importer(2089858483,192608db42251d675da83286b1cce702)
Start importing Assets/Decor/TV and Table.fbx using Guid(1aa192e45efea69438deaeeb32175856) Importer(2089858483,192608db42251d675da83286b1cce702) (ScriptedImporter) -> (artifact id: '78221446a7b9c1af69b0504bf1ced9ef') in 0.3676079 seconds
Number of updated asset objects reloaded before import = 0Number of asset objects unloaded after import = 12

========================================================================
Received Import Request.
  Time since last request: 0.000075 seconds.
  path: Assets/Script/gameManager2.cs
  artifactKey: Guid(3e2fa1a0fd35f514fbe65dbbb688b92d) Importer(2089858483,192608db42251d675da83286b1cce702)
Start importing Assets/Script/gameManager2.cs using Guid(3e2fa1a0fd35f514fbe65dbbb688b92d) Importer(2089858483,192608db42251d675da83286b1cce702) (ScriptedImporter) -> (artifact id: '5f7da19887edfaf83ae9076a133055e4') in 0.0190904 seconds
Number of updated asset objects reloaded before import = 0Number of asset objects unloaded after import = 0

========================================================================
Received Import Request.
  Time since last request: 0.000043 seconds.
  path: Assets/Decor/Planets of the Solar System 3D/Settings/POTSS_UniversalRP.asset
  artifactKey: Guid(f82cf8e8434b44cca827dfd78aaa01f0) Importer(2089858483,192608db42251d675da83286b1cce702)
Start importing Assets/Decor/Planets of the Solar System 3D/Settings/POTSS_UniversalRP.asset using Guid(f82cf8e8434b44cca827dfd78aaa01f0) Importer(2089858483,192608db42251d675da83286b1cce702) (ScriptedImporter) -> (artifact id: 'a7cd3032d9b1c689d7f5eab1bb01e273') in 0.1461093 seconds
Number of updated asset objects reloaded before import = 0Number of asset objects unloaded after import = 2

========================================================================
Received Import Request.
  Time since last request: 0.000024 seconds.
  path: Assets/Decor/underwater/Unity/Barnacles_Normal.png
  artifactKey: Guid(a689edf20772d9c40b9695985472ba35) Importer(2089858483,192608db42251d675da83286b1cce702)
Start importing Assets/Decor/underwater/Unity/Barnacles_Normal.png using Guid(a689edf20772d9c40b9695985472ba35) Importer(2089858483,192608db42251d675da83286b1cce702) (ScriptedImporter) -> (artifact id: '3a99f378d6df04402f91ef79e39d7f6b') in 0.0649437 seconds
Number of updated asset objects reloaded before import = 0Number of asset objects unloaded after import = 1

========================================================================
Received Import Request.
  Time since last request: 0.000037 seconds.
  path: Assets/Decor/underwater/Unity/VaseMED_MaskMap.png
  artifactKey: Guid(5b430325c781ad04c9aa5a28a1dffc52) Importer(2089858483,192608db42251d675da83286b1cce702)
Start importing Assets/Decor/underwater/Unity/VaseMED_MaskMap.png using Guid(5b430325c781ad04c9aa5a28a1dffc52) Importer(2089858483,192608db42251d675da83286b1cce702) (ScriptedImporter) -> (artifact id: '2be16d8b269b44955edf55f692a54880') in 0.0420133 seconds
Number of updated asset objects reloaded before import = 0Number of asset objects unloaded after import = 1

========================================================================
Received Import Request.
  Time since last request: 0.000039 seconds.
  path: Assets/Samples/XR Interaction Toolkit/3.2.1/Starter Assets/Presets/XRI Default Dynamic Move.preset
  artifactKey: Guid(da25954ba1a2e604294f2ccda1d6372c) Importer(2089858483,192608db42251d675da83286b1cce702)
Start importing Assets/Samples/XR Interaction Toolkit/3.2.1/Starter Assets/Presets/XRI Default Dynamic Move.preset using Guid(da25954ba1a2e604294f2ccda1d6372c) Importer(2089858483,192608db42251d675da83286b1cce702) (ScriptedImporter) -> (artifact id: '132bd2314d73f3a1d10597a9d63089b9') in 0.0314186 seconds
Number of updated asset objects reloaded before import = 0Number of asset objects unloaded after import = 4

========================================================================
Received Import Request.
  Time since last request: 0.000031 seconds.
  path: Assets/Decor/underwater/Unreal/Barnacles_Normal.png
  artifactKey: Guid(17f34a570ba80e3409376877e7b510a4) Importer(2089858483,192608db42251d675da83286b1cce702)
Start importing Assets/Decor/underwater/Unreal/Barnacles_Normal.png using Guid(17f34a570ba80e3409376877e7b510a4) Importer(2089858483,192608db42251d675da83286b1cce702) (ScriptedImporter) -> (artifact id: '55376056ed08b528d8a7574e88d2440f') in 0.0363702 seconds
Number of updated asset objects reloaded before import = 0Number of asset objects unloaded after import = 1

========================================================================
Received Import Request.
  Time since last request: 0.000027 seconds.
  path: Assets/Decor/underwater/Unity/BranchCoralWide_Normal.png
  artifactKey: Guid(e717eaf6fb04d4546b54dc8a98a6de77) Importer(2089858483,192608db42251d675da83286b1cce702)
Start importing Assets/Decor/underwater/Unity/BranchCoralWide_Normal.png using Guid(e717eaf6fb04d4546b54dc8a98a6de77) Importer(2089858483,192608db42251d675da83286b1cce702) (ScriptedImporter) -> (artifact id: 'ba726acbb1cfff045eb022f8a39505f3') in 0.0391865 seconds
Number of updated asset objects reloaded before import = 0Number of asset objects unloaded after import = 1

========================================================================
Received Import Request.
  Time since last request: 0.000025 seconds.
  path: Assets/Decor/underwater/Unreal/BranchCoralsThin_Normal.png
  artifactKey: Guid(f4949ec89642b3742bb538e3d90cbb33) Importer(2089858483,192608db42251d675da83286b1cce702)
Start importing Assets/Decor/underwater/Unreal/BranchCoralsThin_Normal.png using Guid(f4949ec89642b3742bb538e3d90cbb33) Importer(2089858483,192608db42251d675da83286b1cce702) (ScriptedImporter) -> (artifact id: '18261e8d53e090902ee18ecbfe7d70d5') in 0.0388772 seconds
Number of updated asset objects reloaded before import = 0Number of asset objects unloaded after import = 1

========================================================================
Received Import Request.
  Time since last request: 0.000038 seconds.
  path: Assets/Samples/XR Interaction Toolkit/3.2.1/Starter Assets/Textures/DefaultMaterial_AO.png
  artifactKey: Guid(85e675893a909864d9c237e20202651b) Importer(2089858483,192608db42251d675da83286b1cce702)
Start importing Assets/Samples/XR Interaction Toolkit/3.2.1/Starter Assets/Textures/DefaultMaterial_AO.png using Guid(85e675893a909864d9c237e20202651b) Importer(2089858483,192608db42251d675da83286b1cce702) (ScriptedImporter) -> (artifact id: 'e51e6dc89df0934dd3d9da0008eef32a') in 0.0277375 seconds
Number of updated asset objects reloaded before import = 0Number of asset objects unloaded after import = 1

========================================================================
Received Import Request.
  Time since last request: 0.000022 seconds.
  path: Assets/Samples/XR Hands/1.5.1/Gestures/Debug Tools/Prefabs/Finger States Debug UI.prefab
  artifactKey: Guid(abb042d0c8a16574a9cd4e312cb1a0db) Importer(2089858483,192608db42251d675da83286b1cce702)
Start importing Assets/Samples/XR Hands/1.5.1/Gestures/Debug Tools/Prefabs/Finger States Debug UI.prefab using Guid(abb042d0c8a16574a9cd4e312cb1a0db) Importer(2089858483,192608db42251d675da83286b1cce702) (ScriptedImporter) -> (artifact id: '1453cc54c70c1740adb73740eb29bafc') in 0.1068835 seconds
Number of updated asset objects reloaded before import = 0Number of asset objects unloaded after import = 412

========================================================================
Received Import Request.
  Time since last request: 0.000040 seconds.
  path: Assets/Samples/XR Interaction Toolkit/3.2.1/Starter Assets/Materials/MaterialPipelineHandler.asset
  artifactKey: Guid(dbe8dcb68b75cd2498ab6c1d96e072a4) Importer(2089858483,192608db42251d675da83286b1cce702)
Start importing Assets/Samples/XR Interaction Toolkit/3.2.1/Starter Assets/Materials/MaterialPipelineHandler.asset using Guid(dbe8dcb68b75cd2498ab6c1d96e072a4) Importer(2089858483,192608db42251d675da83286b1cce702) (ScriptedImporter) -> (artifact id: 'a7cfd4fa7e7b0139a5feb5982b541119') in 0.0271749 seconds
Number of updated asset objects reloaded before import = 0Number of asset objects unloaded after import = 7

========================================================================
Received Import Request.
  Time since last request: 0.000038 seconds.
  path: Assets/Decor/underwater/Unity/Flower_MaskMap.png
  artifactKey: Guid(c8b69a019f58c9b4a91385744b10386f) Importer(2089858483,192608db42251d675da83286b1cce702)
Start importing Assets/Decor/underwater/Unity/Flower_MaskMap.png using Guid(c8b69a019f58c9b4a91385744b10386f) Importer(2089858483,192608db42251d675da83286b1cce702) (ScriptedImporter) -> (artifact id: '4846ecc15cd953af3aaae6a018c76dc7') in 0.0431428 seconds
Number of updated asset objects reloaded before import = 0Number of asset objects unloaded after import = 1

========================================================================
Received Import Request.
  Time since last request: 0.000026 seconds.
  path: Assets/Decor/Planets of the Solar System 3D/Shaders/Planet.shadergraph
  artifactKey: Guid(9613165056b174b1c95b1c3ddf7a2d1a) Importer(2089858483,192608db42251d675da83286b1cce702)
Start importing Assets/Decor/Planets of the Solar System 3D/Shaders/Planet.shadergraph using Guid(9613165056b174b1c95b1c3ddf7a2d1a) Importer(2089858483,192608db42251d675da83286b1cce702) (ScriptedImporter) -> (artifact id: '7b24e7a2eb862632eb693fa1eb4c9135') in 0.0432902 seconds
Number of updated asset objects reloaded before import = 0Number of asset objects unloaded after import = 5

========================================================================
Received Import Request.
  Time since last request: 0.000029 seconds.
  path: Assets/Decor/underwater/Unity/VaseTALL_BaseMap.png
  artifactKey: Guid(b4d8c6b8c0d94e14cae428a53ab2d24c) Importer(2089858483,192608db42251d675da83286b1cce702)
Start importing Assets/Decor/underwater/Unity/VaseTALL_BaseMap.png using Guid(b4d8c6b8c0d94e14cae428a53ab2d24c) Importer(2089858483,192608db42251d675da83286b1cce702) (ScriptedImporter) -> (artifact id: '5e535a357118fffe0851374e5fd3a50c') in 0.0397976 seconds
Number of updated asset objects reloaded before import = 0Number of asset objects unloaded after import = 1

========================================================================
Received Import Request.
  Time since last request: 0.000031 seconds.
  path: Assets/Samples/XR Interaction Toolkit/3.0.8/Hands Interaction Demo/HandsDemoSceneAssets/Scripts/ToggleGameObject.cs
  artifactKey: Guid(646ef16ad2fbd1944b40157feffe8574) Importer(2089858483,192608db42251d675da83286b1cce702)
Start importing Assets/Samples/XR Interaction Toolkit/3.0.8/Hands Interaction Demo/HandsDemoSceneAssets/Scripts/ToggleGameObject.cs using Guid(646ef16ad2fbd1944b40157feffe8574) Importer(2089858483,192608db42251d675da83286b1cce702) (ScriptedImporter) -> (artifact id: 'df83fccb739d32597df0638204d41a0f') in 0.0180866 seconds
Number of updated asset objects reloaded before import = 0Number of asset objects unloaded after import = 0

========================================================================
Received Import Request.
  Time since last request: 0.000037 seconds.
  path: Assets/Samples/XR Interaction Toolkit/3.2.1/Starter Assets/Animations/Climb Teleport Arrow.controller
  artifactKey: Guid(db6239f7ccb29ca4aac63126c6a35e7d) Importer(2089858483,192608db42251d675da83286b1cce702)
Start importing Assets/Samples/XR Interaction Toolkit/3.2.1/Starter Assets/Animations/Climb Teleport Arrow.controller using Guid(db6239f7ccb29ca4aac63126c6a35e7d) Importer(2089858483,192608db42251d675da83286b1cce702) (ScriptedImporter) -> (artifact id: '88e68f9995170b1ecaa82fd8c54ad4c9') in 0.0596906 seconds
Number of updated asset objects reloaded before import = 0Number of asset objects unloaded after import = 4

========================================================================
Received Import Request.
  Time since last request: 0.000028 seconds.
  path: Assets/Decor/underwater/Unity/VaseTALL_Normal.png
  artifactKey: Guid(65399f33173c2f948b50821f16f880c2) Importer(2089858483,192608db42251d675da83286b1cce702)
Start importing Assets/Decor/underwater/Unity/VaseTALL_Normal.png using Guid(65399f33173c2f948b50821f16f880c2) Importer(2089858483,192608db42251d675da83286b1cce702) (ScriptedImporter) -> (artifact id: '1c48702f7f74066bc92a8e0d1ccb13f0') in 0.0393661 seconds
Number of updated asset objects reloaded before import = 0Number of asset objects unloaded after import = 1

========================================================================
Received Import Request.
  Time since last request: 0.000024 seconds.
  path: Assets/Samples/XR Interaction Toolkit/3.2.1/Starter Assets/Prefabs/Interactors/Gaze Interactor.prefab
  artifactKey: Guid(b84cd05e1160fe34cab2585022c8cd99) Importer(2089858483,192608db42251d675da83286b1cce702)
Start importing Assets/Samples/XR Interaction Toolkit/3.2.1/Starter Assets/Prefabs/Interactors/Gaze Interactor.prefab using Guid(b84cd05e1160fe34cab2585022c8cd99) Importer(2089858483,192608db42251d675da83286b1cce702) (ScriptedImporter) -> (artifact id: 'b4f114ba504e7e07c6d72cd1f732c426') in 0.4031488 seconds
Number of updated asset objects reloaded before import = 0Number of asset objects unloaded after import = 12

========================================================================
Received Import Request.
  Time since last request: 0.000082 seconds.
  path: Assets/Decor/Planets of the Solar System 3D/Materials/URP_Moon_Lod.mat
  artifactKey: Guid(948fe8f7d46f84bfaa54cc429a563b9d) Importer(2089858483,192608db42251d675da83286b1cce702)
Start importing Assets/Decor/Planets of the Solar System 3D/Materials/URP_Moon_Lod.mat using Guid(948fe8f7d46f84bfaa54cc429a563b9d) Importer(2089858483,192608db42251d675da83286b1cce702) (ScriptedImporter) -> (artifact id: 'e70ea4e500dd11e7effd3b20123b556c') in 0.0418925 seconds
Number of updated asset objects reloaded before import = 0Number of asset objects unloaded after import = 6

========================================================================
Received Import Request.
  Time since last request: 0.000036 seconds.
  path: Assets/Samples/XR Interaction Toolkit/3.2.1/Starter Assets/Animations/ArrowBounce.anim
  artifactKey: Guid(ebfa13455423c254e943b87bf6e1f310) Importer(2089858483,192608db42251d675da83286b1cce702)
Start importing Assets/Samples/XR Interaction Toolkit/3.2.1/Starter Assets/Animations/ArrowBounce.anim using Guid(ebfa13455423c254e943b87bf6e1f310) Importer(2089858483,192608db42251d675da83286b1cce702) (ScriptedImporter) -> (artifact id: '99daa6af43b9270d91d022c935e786d2') in 0.0352188 seconds
Number of updated asset objects reloaded before import = 0Number of asset objects unloaded after import = 1

========================================================================
Received Import Request.
  Time since last request: 0.000022 seconds.
  path: Assets/Samples/XR Hands/1.5.1/Gestures/Debug Tools/Sprites/FingerStateUI/FingerStateUI_Icon_CheckMark.png
  artifactKey: Guid(5fcda67ce0c1c4e419332d6e88173aee) Importer(2089858483,192608db42251d675da83286b1cce702)
Start importing Assets/Samples/XR Hands/1.5.1/Gestures/Debug Tools/Sprites/FingerStateUI/FingerStateUI_Icon_CheckMark.png using Guid(5fcda67ce0c1c4e419332d6e88173aee) Importer(2089858483,192608db42251d675da83286b1cce702) (ScriptedImporter) -> (artifact id: 'bde9984590446725379ebf0a15fe9000') in 0.0330444 seconds
Number of updated asset objects reloaded before import = 0Number of asset objects unloaded after import = 3

========================================================================
Received Import Request.
  Time since last request: 0.000023 seconds.
  path: Assets/Decor/Planets of the Solar System 3D/Prefabs/Sun Sphere.prefab
  artifactKey: Guid(ec1861462fc1b46f1a1c1c3c0f1f7f15) Importer(2089858483,192608db42251d675da83286b1cce702)
Start importing Assets/Decor/Planets of the Solar System 3D/Prefabs/Sun Sphere.prefab using Guid(ec1861462fc1b46f1a1c1c3c0f1f7f15) Importer(2089858483,192608db42251d675da83286b1cce702) (ScriptedImporter) -> (artifact id: '8079936d80da1a43e95ddcfc5cee843f') in 0.0809526 seconds
Number of updated asset objects reloaded before import = 0Number of asset objects unloaded after import = 16

========================================================================
Received Import Request.
  Time since last request: 0.000028 seconds.
  path: Assets/Samples/XR Interaction Toolkit/3.0.8/Hands Interaction Demo/Prefabs/PinchPointStabilized.prefab
  artifactKey: Guid(88b12c0ca81d9a34eac32a1e1bd19b1c) Importer(2089858483,192608db42251d675da83286b1cce702)
Start importing Assets/Samples/XR Interaction Toolkit/3.0.8/Hands Interaction Demo/Prefabs/PinchPointStabilized.prefab using Guid(88b12c0ca81d9a34eac32a1e1bd19b1c) Importer(2089858483,192608db42251d675da83286b1cce702) (ScriptedImporter) -> (artifact id: '023920fe951e0fad2edfe0a65ddc4ee6') in 0.1830556 seconds
Number of updated asset objects reloaded before import = 0Number of asset objects unloaded after import = 26

========================================================================
Received Import Request.
  Time since last request: 0.000042 seconds.
  path: Assets/Samples/XR Interaction Toolkit/3.2.1/Starter Assets/Prefabs/Teleport/Climb Teleport Arrow.prefab
  artifactKey: Guid(ae1968658b9687b47976fe86c062168f) Importer(2089858483,192608db42251d675da83286b1cce702)
Start importing Assets/Samples/XR Interaction Toolkit/3.2.1/Starter Assets/Prefabs/Teleport/Climb Teleport Arrow.prefab using Guid(ae1968658b9687b47976fe86c062168f) Importer(2089858483,192608db42251d675da83286b1cce702) (ScriptedImporter) -> (artifact id: 'e12ef22a0733012d030f8a8dd5eb523d') in 0.0483148 seconds
Number of updated asset objects reloaded before import = 0Number of asset objects unloaded after import = 27

========================================================================
Received Import Request.
  Time since last request: 0.000028 seconds.
  path: Assets/Samples/XR Interaction Toolkit/3.2.1/Starter Assets/Presets/XRI Default Right Grab Move.preset
  artifactKey: Guid(fdc4f514b7b1e9c4eb39713ad9dd4eba) Importer(2089858483,192608db42251d675da83286b1cce702)
Start importing Assets/Samples/XR Interaction Toolkit/3.2.1/Starter Assets/Presets/XRI Default Right Grab Move.preset using Guid(fdc4f514b7b1e9c4eb39713ad9dd4eba) Importer(2089858483,192608db42251d675da83286b1cce702) (ScriptedImporter) -> (artifact id: 'fba025187d1f805e7a5ea53194f42700') in 0.0586146 seconds
Number of updated asset objects reloaded before import = 0Number of asset objects unloaded after import = 3

========================================================================
Received Import Request.
  Time since last request: 0.000037 seconds.
  path: Assets/Samples/XR Hands/1.5.1/Gestures/Debug Tools/Sprites/Gesture Icons/Fist_R_Icon.png
  artifactKey: Guid(0668286cb4eff4f4e831b1d3e2f6d19d) Importer(2089858483,192608db42251d675da83286b1cce702)
Start importing Assets/Samples/XR Hands/1.5.1/Gestures/Debug Tools/Sprites/Gesture Icons/Fist_R_Icon.png using Guid(0668286cb4eff4f4e831b1d3e2f6d19d) Importer(2089858483,192608db42251d675da83286b1cce702) (ScriptedImporter) -> (artifact id: 'cacf726b8f1e0a38327af3becd0d8ac2') in 0.0421401 seconds
Number of updated asset objects reloaded before import = 0Number of asset objects unloaded after import = 3

========================================================================
Received Import Request.
  Time since last request: 0.000059 seconds.
  path: Assets/Samples/XR Interaction Toolkit/3.0.8/Hands Interaction Demo/AffordanceThemes/PinchPointLocalTransformOffset.asset
  artifactKey: Guid(2826cece951f71642a19da5a2080a27c) Importer(2089858483,192608db42251d675da83286b1cce702)
Start importing Assets/Samples/XR Interaction Toolkit/3.0.8/Hands Interaction Demo/AffordanceThemes/PinchPointLocalTransformOffset.asset using Guid(2826cece951f71642a19da5a2080a27c) Importer(2089858483,192608db42251d675da83286b1cce702) (ScriptedImporter) -> (artifact id: 'c85ff3915ae36e3fddb1bc67ca93c802') in 0.025187 seconds
Number of updated asset objects reloaded before import = 0Number of asset objects unloaded after import = 1

========================================================================
Received Import Request.
  Time since last request: 0.000055 seconds.
  path: Assets/Samples/XR Interaction Toolkit/3.2.1/Starter Assets/Models/Pinch_Pointer_LOD0.fbx
  artifactKey: Guid(e053b8fbc416ba349b4a58a26410bba2) Importer(2089858483,192608db42251d675da83286b1cce702)
Start importing Assets/Samples/XR Interaction Toolkit/3.2.1/Starter Assets/Models/Pinch_Pointer_LOD0.fbx using Guid(e053b8fbc416ba349b4a58a26410bba2) Importer(2089858483,192608db42251d675da83286b1cce702) (ScriptedImporter) -> (artifact id: '56111c2a220ca04ea7cd517ca02f0abd') in 0.0359612 seconds
Number of updated asset objects reloaded before import = 0Number of asset objects unloaded after import = 6

========================================================================
Received Import Request.
  Time since last request: 0.000030 seconds.
  path: Assets/Samples/XR Interaction Toolkit/3.0.8/Hands Interaction Demo/Shaders/Subgraphs/EdgeHighlight.shadersubgraph
  artifactKey: Guid(3167e2a6e0f4099428078b1f37bd6322) Importer(2089858483,192608db42251d675da83286b1cce702)
Start importing Assets/Samples/XR Interaction Toolkit/3.0.8/Hands Interaction Demo/Shaders/Subgraphs/EdgeHighlight.shadersubgraph using Guid(3167e2a6e0f4099428078b1f37bd6322) Importer(2089858483,192608db42251d675da83286b1cce702) (ScriptedImporter) -> (artifact id: 'a2b5e57134bd1edc120f44e7f818a1f2') in 0.031942 seconds
Number of updated asset objects reloaded before import = 0Number of asset objects unloaded after import = 1

========================================================================
Received Import Request.
  Time since last request: 0.000035 seconds.
  path: Assets/Decor/Planets of the Solar System 3D/Prefabs/Mars.prefab
  artifactKey: Guid(1818e1a170ef94c3aacee2ba50057521) Importer(2089858483,192608db42251d675da83286b1cce702)
Start importing Assets/Decor/Planets of the Solar System 3D/Prefabs/Mars.prefab using Guid(1818e1a170ef94c3aacee2ba50057521) Importer(2089858483,192608db42251d675da83286b1cce702) (ScriptedImporter) -> (artifact id: '6be0e35ada0caca0c2e5102df27b9ff4') in 0.0699226 seconds
Number of updated asset objects reloaded before import = 0Number of asset objects unloaded after import = 20

========================================================================
Received Import Request.
  Time since last request: 0.000041 seconds.
  path: Assets/TextMesh Pro/Sprites/EmojiOne.png
  artifactKey: Guid(dffef66376be4fa480fb02b19edbe903) Importer(2089858483,192608db42251d675da83286b1cce702)
Start importing Assets/TextMesh Pro/Sprites/EmojiOne.png using Guid(dffef66376be4fa480fb02b19edbe903) Importer(2089858483,192608db42251d675da83286b1cce702) (ScriptedImporter) -> (artifact id: 'defcfc672db03390d5496b55337f0d08') in 0.0386721 seconds
Number of updated asset objects reloaded before import = 0Number of asset objects unloaded after import = 1

========================================================================
Received Import Request.
  Time since last request: 0.000024 seconds.
  path: Assets/Samples/XR Interaction Toolkit/3.2.1/Starter Assets/Materials/Telport Anchor.mat
  artifactKey: Guid(fd3c5d8fce991e04f9c11109dde95b3b) Importer(2089858483,192608db42251d675da83286b1cce702)
Start importing Assets/Samples/XR Interaction Toolkit/3.2.1/Starter Assets/Materials/Telport Anchor.mat using Guid(fd3c5d8fce991e04f9c11109dde95b3b) Importer(2089858483,192608db42251d675da83286b1cce702) (ScriptedImporter) -> (artifact id: 'dca700f5d91f2cb132c1ad1d1e7143aa') in 0.0225616 seconds
Number of updated asset objects reloaded before import = 0Number of asset objects unloaded after import = 2

========================================================================
Received Import Request.
  Time since last request: 0.000033 seconds.
  path: Assets/Samples/XR Interaction Toolkit/3.0.8/Hands Interaction Demo/AffordanceThemes/FingerColor.asset
  artifactKey: Guid(ec1df508c6fb9eb45ae9f181ff6bbe82) Importer(2089858483,192608db42251d675da83286b1cce702)
Start importing Assets/Samples/XR Interaction Toolkit/3.0.8/Hands Interaction Demo/AffordanceThemes/FingerColor.asset using Guid(ec1df508c6fb9eb45ae9f181ff6bbe82) Importer(2089858483,192608db42251d675da83286b1cce702) (ScriptedImporter) -> (artifact id: 'e2bcea998522faa9474b599bf98b8c0d') in 0.0198353 seconds
Number of updated asset objects reloaded before import = 0Number of asset objects unloaded after import = 1

========================================================================
Received Import Request.
  Time since last request: 0.000026 seconds.
  path: Assets/Samples/XR Interaction Toolkit/3.0.8/Hands Interaction Demo/HandsDemoSceneAssets/Prefabs/TableHandle.prefab
  artifactKey: Guid(ed5fdb8d3e523e94ca6d8a239d40615a) Importer(2089858483,192608db42251d675da83286b1cce702)
Start importing Assets/Samples/XR Interaction Toolkit/3.0.8/Hands Interaction Demo/HandsDemoSceneAssets/Prefabs/TableHandle.prefab using Guid(ed5fdb8d3e523e94ca6d8a239d40615a) Importer(2089858483,192608db42251d675da83286b1cce702) (ScriptedImporter) -> (artifact id: 'e3587726902ed412dab8cfb805910e11') in 0.1024734 seconds
Number of updated asset objects reloaded before import = 0Number of asset objects unloaded after import = 43

========================================================================
Received Import Request.
  Time since last request: 0.000036 seconds.
  path: Assets/TextMesh Pro/Shaders/TMP_Bitmap-Custom-Atlas.shader
  artifactKey: Guid(48bb5f55d8670e349b6e614913f9d910) Importer(2089858483,192608db42251d675da83286b1cce702)
Start importing Assets/TextMesh Pro/Shaders/TMP_Bitmap-Custom-Atlas.shader using Guid(48bb5f55d8670e349b6e614913f9d910) Importer(2089858483,192608db42251d675da83286b1cce702) (ScriptedImporter) -> (artifact id: '4aa020a1268cd266dd1efa9f9503a38f') in 0.0186936 seconds
Number of updated asset objects reloaded before import = 0Number of asset objects unloaded after import = 1

========================================================================
Received Import Request.
  Time since last request: 0.000023 seconds.
  path: Assets/Samples/XR Hands/1.6.2/HandVisualizer/README.md
  artifactKey: Guid(b0057a2d371351e41ae711f975c741e2) Importer(2089858483,192608db42251d675da83286b1cce702)
Start importing Assets/Samples/XR Hands/1.6.2/HandVisualizer/README.md using Guid(b0057a2d371351e41ae711f975c741e2) Importer(2089858483,192608db42251d675da83286b1cce702) (ScriptedImporter) -> (artifact id: '91205c83a9316e60a44228c966478ef7') in 0.0272396 seconds
Number of updated asset objects reloaded before import = 0Number of asset objects unloaded after import = 1

========================================================================
Received Import Request.
  Time since last request: 0.000022 seconds.
  path: Assets/Samples/XR Interaction Toolkit/3.2.1/Starter Assets/Presets/XRI Default Continuous Turn.preset
  artifactKey: Guid(735a78fc7c2a98a4e85e0e42bf895f48) Importer(2089858483,192608db42251d675da83286b1cce702)
Start importing Assets/Samples/XR Interaction Toolkit/3.2.1/Starter Assets/Presets/XRI Default Continuous Turn.preset using Guid(735a78fc7c2a98a4e85e0e42bf895f48) Importer(2089858483,192608db42251d675da83286b1cce702) (ScriptedImporter) -> (artifact id: '628481e6a9d1e90a58cd7be8847f401a') in 0.0372772 seconds
Number of updated asset objects reloaded before import = 0Number of asset objects unloaded after import = 4

========================================================================
Received Import Request.
  Time since last request: 0.000025 seconds.
  path: Assets/Samples/XR Hands/1.6.2/HandVisualizer/Scripts/JointVisualizer.cs
  artifactKey: Guid(6e1c395ff62a3a14dbeb293298bb46bf) Importer(2089858483,192608db42251d675da83286b1cce702)
Start importing Assets/Samples/XR Hands/1.6.2/HandVisualizer/Scripts/JointVisualizer.cs using Guid(6e1c395ff62a3a14dbeb293298bb46bf) Importer(2089858483,192608db42251d675da83286b1cce702) (ScriptedImporter) -> (artifact id: '42045417e94696d4fcc23531546fe9fb') in 0.0196654 seconds
Number of updated asset objects reloaded before import = 0Number of asset objects unloaded after import = 0

========================================================================
Received Import Request.
  Time since last request: 0.000043 seconds.
  path: Assets/Samples/XR Interaction Toolkit/3.2.1/Starter Assets/Models/BlinkVisual.fbx
  artifactKey: Guid(27b7629e54b332449bfa3a4065ffe17a) Importer(2089858483,192608db42251d675da83286b1cce702)
Start importing Assets/Samples/XR Interaction Toolkit/3.2.1/Starter Assets/Models/BlinkVisual.fbx using Guid(27b7629e54b332449bfa3a4065ffe17a) Importer(2089858483,192608db42251d675da83286b1cce702) (ScriptedImporter) -> (artifact id: '3d3742ae4e8d2b41b977ab6871c66a16') in 0.0370729 seconds
Number of updated asset objects reloaded before import = 0Number of asset objects unloaded after import = 8

========================================================================
Received Import Request.
  Time since last request: 0.000029 seconds.
  path: Assets/Samples/XR Interaction Toolkit/3.0.8/Hands Interaction Demo/HandsDemoSceneAssets/Models/Primitives/Cone.fbx
  artifactKey: Guid(30ab630b2b7264c1c85cca8ce81b06c3) Importer(2089858483,192608db42251d675da83286b1cce702)
Start importing Assets/Samples/XR Interaction Toolkit/3.0.8/Hands Interaction Demo/HandsDemoSceneAssets/Models/Primitives/Cone.fbx using Guid(30ab630b2b7264c1c85cca8ce81b06c3) Importer(2089858483,192608db42251d675da83286b1cce702) (ScriptedImporter) -> (artifact id: '57e18a05702daa79c672894ea7d60d0e') in 0.0347406 seconds
Number of updated asset objects reloaded before import = 0Number of asset objects unloaded after import = 8

========================================================================
Received Import Request.
  Time since last request: 0.000032 seconds.
  path: Assets/Material/Materials/aiStandardSurface2interieurbleu 1.mat
  artifactKey: Guid(a0f29b9e916e55f40b1846e31e466bf5) Importer(2089858483,192608db42251d675da83286b1cce702)
Start importing Assets/Material/Materials/aiStandardSurface2interieurbleu 1.mat using Guid(a0f29b9e916e55f40b1846e31e466bf5) Importer(2089858483,192608db42251d675da83286b1cce702) (ScriptedImporter) -> (artifact id: '56d10067bad2a6eac780918267d0741f') in 0.348094 seconds
Number of updated asset objects reloaded before import = 0Number of asset objects unloaded after import = 2

========================================================================
Received Import Request.
  Time since last request: 0.000061 seconds.
  path: Assets/Decor/underwater/Unity/BranchCoralsThin_Normal.png
  artifactKey: Guid(dbe5d49ed0bf1bf43aeae88cf8d4cef2) Importer(2089858483,192608db42251d675da83286b1cce702)
Start importing Assets/Decor/underwater/Unity/BranchCoralsThin_Normal.png using Guid(dbe5d49ed0bf1bf43aeae88cf8d4cef2) Importer(2089858483,192608db42251d675da83286b1cce702) (ScriptedImporter) -> (artifact id: '7a277fc78bfbca67974ab5cf77ce508d') in 0.0650815 seconds
Number of updated asset objects reloaded before import = 0Number of asset objects unloaded after import = 1

========================================================================
Received Import Request.
  Time since last request: 0.000031 seconds.
  path: Assets/Samples/XR Hands/1.5.1/Gestures/Debug Tools/Sprites/FullCurl_Icon.png
  artifactKey: Guid(9755dc0d0aa4f2048ab14497c25d2c18) Importer(2089858483,192608db42251d675da83286b1cce702)
Start importing Assets/Samples/XR Hands/1.5.1/Gestures/Debug Tools/Sprites/FullCurl_Icon.png using Guid(9755dc0d0aa4f2048ab14497c25d2c18) Importer(2089858483,192608db42251d675da83286b1cce702) (ScriptedImporter) -> (artifact id: '7090341dd4d9201147f1c5763aac2576') in 0.0373784 seconds
Number of updated asset objects reloaded before import = 0Number of asset objects unloaded after import = 3

========================================================================
Received Import Request.
  Time since last request: 0.000036 seconds.
  path: Assets/Samples/XR Interaction Toolkit/3.2.1/Starter Assets/AffordanceThemes/HighlightInteractionColor.asset
  artifactKey: Guid(8b0b5aede76faac438e02d2a468f4805) Importer(2089858483,192608db42251d675da83286b1cce702)
Start importing Assets/Samples/XR Interaction Toolkit/3.2.1/Starter Assets/AffordanceThemes/HighlightInteractionColor.asset using Guid(8b0b5aede76faac438e02d2a468f4805) Importer(2089858483,192608db42251d675da83286b1cce702) (ScriptedImporter) -> (artifact id: '4a92487e66f37812242dd41571c1d492') in 0.0225534 seconds
Number of updated asset objects reloaded before import = 0Number of asset objects unloaded after import = 1

========================================================================
Received Import Request.
  Time since last request: 0.000046 seconds.
  path: Assets/Script/scene.gltf
  artifactKey: Guid(3c2534ee82265ff47973c0f18feb0f52) Importer(815301076,1909f56bfc062723c751e8b465ee728b)
Start importing Assets/Script/scene.gltf using Guid(3c2534ee82265ff47973c0f18feb0f52) Importer(815301076,1909f56bfc062723c751e8b465ee728b) (PreviewImporter) -> (artifact id: '0f191fc80bd2e30047335972c80a499c') in 0.0011806 seconds
Number of updated asset objects reloaded before import = 0Number of asset objects unloaded after import = 1

========================================================================
Received Import Request.
  Time since last request: 0.000026 seconds.
  path: Assets/Decor/underwater/Unreal/BranchCoralWide_OcclusionRoughnessMetallic.png
  artifactKey: Guid(9d5a57ea57bc06248b3483e97d5bed0b) Importer(2089858483,192608db42251d675da83286b1cce702)
Start importing Assets/Decor/underwater/Unreal/BranchCoralWide_OcclusionRoughnessMetallic.png using Guid(9d5a57ea57bc06248b3483e97d5bed0b) Importer(2089858483,192608db42251d675da83286b1cce702) (ScriptedImporter) -> (artifact id: '825d9fcf0c0d98f5998276fccccc1d31') in 0.0445784 seconds
Number of updated asset objects reloaded before import = 0Number of asset objects unloaded after import = 1

========================================================================
Received Import Request.
  Time since last request: 0.000022 seconds.
  path: Assets/Samples/XR Hands/1.5.1/Gestures/Unity.XR.Hands.Samples.Gestures.asmdef
  artifactKey: Guid(237d4a93e9dbbf24fa9810e0b3215007) Importer(2089858483,192608db42251d675da83286b1cce702)
Start importing Assets/Samples/XR Hands/1.5.1/Gestures/Unity.XR.Hands.Samples.Gestures.asmdef using Guid(237d4a93e9dbbf24fa9810e0b3215007) Importer(2089858483,192608db42251d675da83286b1cce702) (ScriptedImporter) -> (artifact id: '9b7fea034697b4e5513be629c3c4a64f') in 0.0333843 seconds
Number of updated asset objects reloaded before import = 0Number of asset objects unloaded after import = 1

========================================================================
Received Import Request.
  Time since last request: 0.000026 seconds.
  path: Assets/Script/scriptAlien.cs
  artifactKey: Guid(e2f778094d8ff304cbf85d21b932819d) Importer(2089858483,192608db42251d675da83286b1cce702)
Start importing Assets/Script/scriptAlien.cs using Guid(e2f778094d8ff304cbf85d21b932819d) Importer(2089858483,192608db42251d675da83286b1cce702) (ScriptedImporter) -> (artifact id: '27dbbf5396f474634881092407e87b46') in 0.020669 seconds
Number of updated asset objects reloaded before import = 0Number of asset objects unloaded after import = 0

========================================================================
Received Import Request.
  Time since last request: 0.000056 seconds.
  path: Assets/Decor/Planets of the Solar System 3D/Materials/URP_Moon_2k.mat
  artifactKey: Guid(49fcf79b44f0f4410812764ecb2ae8e1) Importer(2089858483,192608db42251d675da83286b1cce702)
Start importing Assets/Decor/Planets of the Solar System 3D/Materials/URP_Moon_2k.mat using Guid(49fcf79b44f0f4410812764ecb2ae8e1) Importer(2089858483,192608db42251d675da83286b1cce702) (ScriptedImporter) -> (artifact id: 'a2595ba1b575f4214a492b6f8a4c8f37') in 0.0522724 seconds
Number of updated asset objects reloaded before import = 0Number of asset objects unloaded after import = 6

========================================================================
Received Import Request.
  Time since last request: 0.000033 seconds.
  path: Assets/Samples/XR Hands/1.5.1/Gestures/Debug Tools/Sprites/Pinch_Icon.png
  artifactKey: Guid(7cc2595341bbfe44ab5fab724c7e348e) Importer(2089858483,192608db42251d675da83286b1cce702)
Start importing Assets/Samples/XR Hands/1.5.1/Gestures/Debug Tools/Sprites/Pinch_Icon.png using Guid(7cc2595341bbfe44ab5fab724c7e348e) Importer(2089858483,192608db42251d675da83286b1cce702) (ScriptedImporter) -> (artifact id: '5d106c05b28c4dcd10bc765078e1b841') in 0.03105 seconds
Number of updated asset objects reloaded before import = 0Number of asset objects unloaded after import = 3

========================================================================
Received Import Request.
  Time since last request: 0.000029 seconds.
  path: Assets/Decor/underwater/Meshes/BoneCoral.fbx
  artifactKey: Guid(6261d4156ce5fa44e8c8cf38be1c2755) Importer(2089858483,192608db42251d675da83286b1cce702)
Start importing Assets/Decor/underwater/Meshes/BoneCoral.fbx using Guid(6261d4156ce5fa44e8c8cf38be1c2755) Importer(2089858483,192608db42251d675da83286b1cce702) (ScriptedImporter) -> (artifact id: 'fa99f09abeb80a7bdf60a782fbdbd015') in 0.0450295 seconds
Number of updated asset objects reloaded before import = 0Number of asset objects unloaded after import = 8

========================================================================
Received Import Request.
  Time since last request: 0.000043 seconds.
  path: Assets/Samples/XR Interaction Toolkit/3.0.8/Hands Interaction Demo/Shaders/Unity_Hand_Noise_HDR.shadergraph
  artifactKey: Guid(882bbd70d867c23418d3e8aef80294aa) Importer(2089858483,192608db42251d675da83286b1cce702)
Start importing Assets/Samples/XR Interaction Toolkit/3.0.8/Hands Interaction Demo/Shaders/Unity_Hand_Noise_HDR.shadergraph using Guid(882bbd70d867c23418d3e8aef80294aa) Importer(2089858483,192608db42251d675da83286b1cce702) (ScriptedImporter) -> (artifact id: '578e28fd4450d3118b96a3def7550972') in 0.3572624 seconds
Number of updated asset objects reloaded before import = 0Number of asset objects unloaded after import = 10

========================================================================
Received Import Request.
  Time since last request: 0.000034 seconds.
  path: Assets/Samples/XR Interaction Toolkit/3.2.1/Starter Assets/Models/UniversalController.fbx
  artifactKey: Guid(147ae308eec018b40a7b312ae58f44c7) Importer(2089858483,192608db42251d675da83286b1cce702)
Start importing Assets/Samples/XR Interaction Toolkit/3.2.1/Starter Assets/Models/UniversalController.fbx using Guid(147ae308eec018b40a7b312ae58f44c7) Importer(2089858483,192608db42251d675da83286b1cce702) (ScriptedImporter) -> (artifact id: '7d18a6d2f71f7423639861d00d350d96') in 0.0452746 seconds
Number of updated asset objects reloaded before import = 0Number of asset objects unloaded after import = 51

========================================================================
Received Import Request.
  Time since last request: 0.000042 seconds.
  path: Assets/Samples/XR Interaction Toolkit/3.2.1/Starter Assets/Materials/Controller_Grey.mat
  artifactKey: Guid(99685157b02e4d446bbecb015645e5e8) Importer(2089858483,192608db42251d675da83286b1cce702)
Start importing Assets/Samples/XR Interaction Toolkit/3.2.1/Starter Assets/Materials/Controller_Grey.mat using Guid(99685157b02e4d446bbecb015645e5e8) Importer(2089858483,192608db42251d675da83286b1cce702) (ScriptedImporter) -> (artifact id: 'dd1d7ec2d436666e88ea675eb950395c') in 0.0968912 seconds
Number of updated asset objects reloaded before import = 0Number of asset objects unloaded after import = 2

========================================================================
Received Import Request.
  Time since last request: 0.000049 seconds.
  path: Assets/Decor/underwater/Unity/VaseSHORT_Normal.png
  artifactKey: Guid(226464ac8a7ae074991b6cfd124653da) Importer(2089858483,192608db42251d675da83286b1cce702)
Start importing Assets/Decor/underwater/Unity/VaseSHORT_Normal.png using Guid(226464ac8a7ae074991b6cfd124653da) Importer(2089858483,192608db42251d675da83286b1cce702) (ScriptedImporter) -> (artifact id: 'fdcfb409ebec1a0294c5559a2ab26b0a') in 0.0668144 seconds
Number of updated asset objects reloaded before import = 0Number of asset objects unloaded after import = 1

========================================================================
Received Import Request.
  Time since last request: 0.000084 seconds.
  path: Assets/Samples/XR Interaction Toolkit/3.0.8/Hands Interaction Demo/Materials/Unity_Hand_Medium.mat
  artifactKey: Guid(61d033f3a51f40647a5458ea14f3b4af) Importer(2089858483,192608db42251d675da83286b1cce702)
Start importing Assets/Samples/XR Interaction Toolkit/3.0.8/Hands Interaction Demo/Materials/Unity_Hand_Medium.mat using Guid(61d033f3a51f40647a5458ea14f3b4af) Importer(2089858483,192608db42251d675da83286b1cce702) (ScriptedImporter) -> (artifact id: '52898ee0cf2c9e4850b4b0e9ca604fdc') in 0.1474595 seconds
Number of updated asset objects reloaded before import = 0Number of asset objects unloaded after import = 10

========================================================================
Received Import Request.
  Time since last request: 0.000222 seconds.
  path: Assets/Decor/Planets of the Solar System 3D/Textures/Planets/Saturn_Lod.png
  artifactKey: Guid(83e70baf360a54388bf937bfb511fd91) Importer(2089858483,192608db42251d675da83286b1cce702)
Start importing Assets/Decor/Planets of the Solar System 3D/Textures/Planets/Saturn_Lod.png using Guid(83e70baf360a54388bf937bfb511fd91) Importer(2089858483,192608db42251d675da83286b1cce702) (ScriptedImporter) -> (artifact id: '105e2eb888bcd74a558ad90106b18289') in 0.0779321 seconds
Number of updated asset objects reloaded before import = 0Number of asset objects unloaded after import = 1

========================================================================
Received Import Request.
  Time since last request: 0.000056 seconds.
  path: Assets/Samples/XR Interaction Toolkit/3.2.1/Starter Assets/Shaders/BiRP_Fresnel.shader
  artifactKey: Guid(b24c216c4acb0094c892a61dfbbb76b4) Importer(2089858483,192608db42251d675da83286b1cce702)
Start importing Assets/Samples/XR Interaction Toolkit/3.2.1/Starter Assets/Shaders/BiRP_Fresnel.shader using Guid(b24c216c4acb0094c892a61dfbbb76b4) Importer(2089858483,192608db42251d675da83286b1cce702) (ScriptedImporter) -> (artifact id: 'fd81292c19480bdf68bec4cb455055ad') in 0.0266983 seconds
Number of updated asset objects reloaded before import = 0Number of asset objects unloaded after import = 1

========================================================================
Received Import Request.
  Time since last request: 0.000030 seconds.
  path: Assets/Samples/XR Interaction Toolkit/3.0.8/Hands Interaction Demo/Prefabs/LeftHandInteractionVisual.prefab
  artifactKey: Guid(ffd656bf2a3ba3d41b1e4a94b81b7c85) Importer(2089858483,192608db42251d675da83286b1cce702)
Start importing Assets/Samples/XR Interaction Toolkit/3.0.8/Hands Interaction Demo/Prefabs/LeftHandInteractionVisual.prefab using Guid(ffd656bf2a3ba3d41b1e4a94b81b7c85) Importer(2089858483,192608db42251d675da83286b1cce702) (ScriptedImporter) -> (artifact id: 'e11e09ec77776ee338fc495ce9a5ca89') in 0.0717885 seconds
Number of updated asset objects reloaded before import = 0Number of asset objects unloaded after import = 79

========================================================================
Received Import Request.
  Time since last request: 0.000034 seconds.
  path: Assets/Samples/XR Interaction Toolkit/3.2.1/Starter Assets/Scripts/PermissionsManager.cs
  artifactKey: Guid(4f62c7b7418ee024aa16285921e63d56) Importer(2089858483,192608db42251d675da83286b1cce702)
Start importing Assets/Samples/XR Interaction Toolkit/3.2.1/Starter Assets/Scripts/PermissionsManager.cs using Guid(4f62c7b7418ee024aa16285921e63d56) Importer(2089858483,192608db42251d675da83286b1cce702) (ScriptedImporter) -> (artifact id: '0acd3f837efcba46f704d7b6e8d8e412') in 0.0179133 seconds
Number of updated asset objects reloaded before import = 0Number of asset objects unloaded after import = 0

========================================================================
Received Import Request.
  Time since last request: 0.000047 seconds.
  path: Assets/TextMesh Pro/Fonts/LiberationSans.ttf
  artifactKey: Guid(e3265ab4bf004d28a9537516768c1c75) Importer(2089858483,192608db42251d675da83286b1cce702)
Start importing Assets/TextMesh Pro/Fonts/LiberationSans.ttf using Guid(e3265ab4bf004d28a9537516768c1c75) Importer(2089858483,192608db42251d675da83286b1cce702) (ScriptedImporter) -> (artifact id: 'f72151a6aa4aab197e58509831075454') in 0.0289349 seconds
Number of updated asset objects reloaded before import = 0Number of asset objects unloaded after import = 3

========================================================================
Received Import Request.
  Time since last request: 0.000029 seconds.
  path: Assets/Material/Materials/Rouge.mat
  artifactKey: Guid(ca05268fa601e46449bf682419490089) Importer(2089858483,192608db42251d675da83286b1cce702)
Start importing Assets/Material/Materials/Rouge.mat using Guid(ca05268fa601e46449bf682419490089) Importer(2089858483,192608db42251d675da83286b1cce702) (ScriptedImporter) -> (artifact id: '7ad15a05cb64e761e0021a9c4ab5c079') in 0.0374283 seconds
Number of updated asset objects reloaded before import = 0Number of asset objects unloaded after import = 1

========================================================================
Received Import Request.
  Time since last request: 0.000029 seconds.
  path: Assets/Samples/XR Interaction Toolkit/3.2.1/Starter Assets/Presets/XRI Default Left Controller InputActionManager.preset
  artifactKey: Guid(c3d4ecc12d5e0f14c93fd734af32ab63) Importer(2089858483,192608db42251d675da83286b1cce702)
Start importing Assets/Samples/XR Interaction Toolkit/3.2.1/Starter Assets/Presets/XRI Default Left Controller InputActionManager.preset using Guid(c3d4ecc12d5e0f14c93fd734af32ab63) Importer(2089858483,192608db42251d675da83286b1cce702) (ScriptedImporter) -> (artifact id: '240db6d9e69d5885260417e7e9d3d961') in 0.042604 seconds
Number of updated asset objects reloaded before import = 0Number of asset objects unloaded after import = 8

Editor requested this worker to shutdown with reason: Scaling down because of idle timeout
AssetImportWorker is now disconnected from the server
Process exiting
Exiting without the bug reporter. Application will terminate with return code 0